"id","AccelX_1","AccelY_1","AccelZ_1","AccelX_2","AccelY_2","AccelZ_2","AccelX_3","AccelY_3","AccelZ_3","AccelX_4","AccelY_4","AccelZ_4","AccelX_5","AccelY_5","AccelZ_5","AccelX_6","AccelY_6","AccelZ_6","AccelX_7","AccelY_7","AccelZ_7","AccelX_8","AccelY_8","AccelZ_8","AccelX_9","AccelY_9","AccelZ_9","AccelX_10","AccelY_10","AccelZ_10","AccelX_11","AccelY_11","AccelZ_11","AccelX_12","AccelY_12","AccelZ_12","AccelX_13","AccelY_13","AccelZ_13","AccelX_14","AccelY_14","AccelZ_14","AccelX_15","AccelY_15","AccelZ_15","AccelX_16","AccelY_16","AccelZ_16","AccelX_17","AccelY_17","AccelZ_17","AccelX_18","AccelY_18","AccelZ_18","AccelX_19","AccelY_19","AccelZ_19","AccelX_20","AccelY_20","AccelZ_20","AccelX_21","AccelY_21","AccelZ_21","AccelX_22","AccelY_22","AccelZ_22","AccelX_23","AccelY_23","AccelZ_23","AccelX_24","AccelY_24","AccelZ_24","AccelX_25","AccelY_25","AccelZ_25","AccelX_26","AccelY_26","AccelZ_26","AccelX_27","AccelY_27","AccelZ_27","AccelX_28","AccelY_28","AccelZ_28","AccelX_29","AccelY_29","AccelZ_29","AccelX_30","AccelY_30","AccelZ_30","AccelX_31","AccelY_31","AccelZ_31","AccelX_32","AccelY_32","AccelZ_32","AccelX_33","AccelY_33","AccelZ_33","AccelX_34","AccelY_34","AccelZ_34","AccelX_35","AccelY_35","AccelZ_35","AccelX_36","AccelY_36","AccelZ_36","AccelX_37","AccelY_37","AccelZ_37","AccelX_38","AccelY_38","AccelZ_38","AccelX_39","AccelY_39","AccelZ_39","AccelX_40","AccelY_40","AccelZ_40","AccelX_41","AccelY_41","AccelZ_41","AccelX_42","AccelY_42","AccelZ_42","AccelX_43","AccelY_43","AccelZ_43","AccelX_44","AccelY_44","AccelZ_44","AccelX_45","AccelY_45","AccelZ_45","AccelX_46","AccelY_46","AccelZ_46","AccelX_47","AccelY_47","AccelZ_47","AccelX_48","AccelY_48","AccelZ_48","AccelX_49","AccelY_49","AccelZ_49","AccelX_50","AccelY_50","AccelZ_50","Label"
"1","-0.172368","2.44188","9.27914","-0.172368","2.44188","9.27914","-0.344736","2.08757","9.69091","-0.344736","2.08757","9.69091","-0.995904","2.46103","10.5719","-0.995904","2.46103","10.5719","-0.62244","2.34612","9.42278","-0.62244","2.34612","9.42278","0.708624","1.55131","11.156","0.708624","1.55131","11.156","0.124488","1.69495","8.3407","0.124488","1.69495","8.3407","-0.43092","2.04926","8.1779","-0.43092","2.04926","8.1779","-1.05336","2.00138","10.8209","-1.05336","2.00138","10.8209","-1.02463","0.90972","10.3804","-1.02463","0.90972","10.3804","-0.38304","2.03011","10.4187","-0.38304","2.03011","10.4187","-0.402192","0.306432","13.5405","-0.402192","0.306432","13.5405","-0.411768","0.411768","11.2614","-0.411768","0.411768","11.2614","-1.27361","1.79071","10.5049","-1.27361","1.79071","10.5049","-0.785232","-0.4788","13.2245","-0.785232","-0.4788","13.2245","-0.57456","2.10672","7.9385","-0.57456","2.10672","7.9385","-0.785232","1.80029","7.48843","-0.785232","1.80029","7.48843","-6.84684","-0.450072","14.6896","-6.84684","-0.450072","14.6896","-4.72097","-0.421344","5.69772","-4.72097","-0.421344","5.69772","-7.55546","-7.41182","4.09853","-7.55546","-7.41182","4.09853","-9.24084","-6.47338","2.64298","-9.24084","-6.47338","2.64298","-7.85232","-3.3516","2.16418","-7.85232","-3.3516","2.16418","-11.8455","-8.19706","1.41725","-11.8455","-8.19706","1.41725","-6.99048","-8.14918","1.37894","-6.99048","-8.14918","1.37894","-4.8263","-5.25722","0.344736","-4.8263","-5.25722","0.344736","-7.09582","-9.55685","0.354312","-7.09582","-9.55685","0.354312"
"2","-10.074","-5.18062","0.019152","-10.074","-5.18062","0.019152","-7.71826","-4.72097","0.804384","-7.71826","-4.72097","0.804384","-11.6444","-4.788","0.4788","-11.6444","-4.788","0.4788","-7.2203","-5.90839","0.7182","-7.2203","-5.90839","0.7182","-4.42411","-6.80854","0.679896","-4.42411","-6.80854","0.679896","-8.4173","-7.85232","-0.871416","-8.4173","-7.85232","-0.871416","-7.32564","-5.68814","0.593712","-7.32564","-5.68814","0.593712","-14.2491","-7.52674","1.00548","-14.2491","-7.52674","1.00548","-7.67038","-7.1437","1.80986","-7.67038","-7.1437","1.80986","-6.01373","-7.12454","1.50343","-6.01373","-7.12454","1.50343","-3.95489","-6.39677","1.01506","-3.95489","-6.39677","1.01506","-9.20254","-4.56775","0.794808","-9.20254","-4.56775","0.794808","-10.8113","-5.47747","2.96856","-10.8113","-5.47747","2.96856","-10.9741","-4.15598","2.14502","-10.9741","-4.15598","2.14502","-7.22988","-6.77981","1.75241","-7.22988","-6.77981","1.75241","-5.69772","-7.98638","1.12039","-5.69772","-7.98638","1.12039","-7.28734","-7.6608","0.708624","-7.28734","-7.6608","0.708624","-8.66628","-5.3051","0.9576","-8.66628","-5.3051","0.9576","-13.5883","-7.97681","1.94393","-13.5883","-7.97681","1.94393","-8.4173","-7.40225","2.33654","-8.4173","-7.40225","2.33654","-5.79348","-7.16285","1.70453","-5.79348","-7.16285","1.70453","-7.35437","-6.79896","0.603288","-7.35437","-6.79896","0.603288","-7.74698","-5.44874","-0.497952","-7.74698","-5.44874","-0.497952","-11.587","-7.40225","0.785232","-11.587","-7.40225","0.785232","-9.1355","-7.35437","-0.421344","-9.1355","-7.35437","-0.421344"
"3","-6.80854","-6.88514","-0.268128","-6.80854","-6.88514","-0.268128","-5.75518","-7.73741","0.67032","-5.75518","-7.73741","0.67032","-9.17381","-5.40086","-0.440496","-9.17381","-5.40086","-0.440496","-8.27366","-5.43917","-0.823536","-8.27366","-5.43917","-0.823536","-13.9235","-4.29962","-0.660744","-13.9235","-4.29962","-0.660744","-7.48843","-5.51578","1.66622","-7.48843","-5.51578","1.66622","-6.21482","-6.92345","1.68538","-6.21482","-6.92345","1.68538","-7.3831","-5.9467","0.268128","-7.3831","-5.9467","0.268128","-7.51716","-4.63478","0.38304","-7.51716","-4.63478","0.38304","-12.5254","-7.2203","0.325584","-12.5254","-7.2203","0.325584","-8.08214","-6.83726","-0.459648","-8.08214","-6.83726","-0.459648","-7.26818","-7.01921","0.804384","-7.26818","-7.01921","0.804384","-6.72235","-8.36942","-0.181944","-6.72235","-8.36942","-0.181944","-8.47476","-6.51168","-0.134064","-8.47476","-6.51168","-0.134064","-7.56504","-4.7497","0.229824","-7.56504","-4.7497","0.229824","-12.5063","-5.69772","2.20248","-12.5063","-5.69772","2.20248","-9.84413","-4.89334","2.42273","-9.84413","-4.89334","2.42273","-6.00415","-7.31606","2.09714","-6.00415","-7.31606","2.09714","-5.2668","-4.90291","2.93983","-5.2668","-4.90291","2.93983","-8.03426","-4.5486","1.18742","-8.03426","-4.5486","1.18742","-10.1889","-6.32016","0.995904","-10.1889","-6.32016","0.995904","-8.70458","-5.67857","-0.612864","-8.70458","-5.67857","-0.612864","-7.12454","-5.92754","2.12587","-7.12454","-5.92754","2.12587","-5.9467","-5.90839","2.51849","-5.9467","-5.90839","2.51849","-7.4597","-6.56914","0.928872","-7.4597","-6.56914","0.928872"
"4","-8.60882","-4.8263","1.59919","-8.60882","-4.8263","1.59919","-14.8811","-7.67995","5.64984","-14.8811","-7.67995","5.64984","-8.57052","-5.42959","1.27361","-8.57052","-5.42959","1.27361","-6.20525","-7.6991","3.6293","-6.20525","-7.6991","3.6293","-6.04246","-2.97814","3.591","-6.04246","-2.97814","3.591","-7.73741","-3.58142","2.55679","-7.73741","-3.58142","2.55679","-9.08762","-3.3899","5.85094","-9.08762","-3.3899","5.85094","-10.0069","-2.71001","5.92754","-10.0069","-2.71001","5.92754","-9.10678","-3.96446","3.43778","-9.10678","-3.96446","3.43778","-6.86599","-9.82498","3.95489","-6.86599","-9.82498","3.95489","-6.04246","-7.9002","-2.6717","-6.04246","-7.9002","-2.6717","-5.7073","-6.61702","-2.01096","-5.7073","-6.61702","-2.01096","-12.3435","-7.6608","0.268128","-12.3435","-7.6608","0.268128","-7.00006","-8.20663","1.12997","-7.00006","-8.20663","1.12997","-6.93302","-7.56504","0.928872","-6.93302","-7.56504","0.928872","-2.00138","-8.8961","2.04926","-2.00138","-8.8961","2.04926","-6.16694","-6.92345","0.67032","-6.16694","-6.92345","0.67032","-10.2559","-6.82769","1.01506","-10.2559","-6.82769","1.01506","-10.6294","-5.48705","1.60877","-10.6294","-5.48705","1.60877","-7.59377","-6.38719","1.41725","-7.59377","-6.38719","1.41725","-5.0657","-7.91935","1.64707","-5.0657","-7.91935","1.64707","-6.92345","-6.29143","-0.19152","-6.92345","-6.29143","-0.19152","-6.7415","-5.7073","-0.038304","-6.7415","-5.7073","-0.038304","-13.1478","-8.1013","1.55131","-13.1478","-8.1013","1.55131","-7.60334","-7.40225","0.43092","-7.60334","-7.40225","0.43092"
"5","-6.99048","-7.33522","0.938448","-6.99048","-7.33522","0.938448","-3.05474","-8.27366","1.21615","-3.05474","-8.27366","1.21615","-8.08214","-6.31058","-0.201096","-8.08214","-6.31058","-0.201096","-8.4173","-6.11906","0.469224","-8.4173","-6.11906","0.469224","-11.6061","-4.84546","1.12997","-11.6061","-4.84546","1.12997","-7.68953","-5.91797","1.55131","-7.68953","-5.91797","1.55131","-4.22302","-8.00554","1.92478","-4.22302","-8.00554","1.92478","-7.182","-5.9467","-2.20248","-7.182","-5.9467","-2.20248","-6.44465","-7.1437","1.11082","-6.44465","-7.1437","1.11082","-12.784","-9.01102","0.153216","-12.784","-9.01102","0.153216","-7.77571","-7.63207","0.134064","-7.77571","-7.63207","0.134064","-7.49801","-7.74698","1.197","-7.49801","-7.74698","1.197","-1.84817","-9.97819","1.197","-1.84817","-9.97819","1.197","-6.25313","-6.10949","-0.62244","-6.25313","-6.10949","-0.62244","-10.0835","-7.77571","0.19152","-10.0835","-7.77571","0.19152","-10.208","-5.03698","-0.852264","-10.208","-5.03698","-0.852264","-7.96723","-6.48295","0.57456","-7.96723","-6.48295","0.57456","-4.01234","-8.33112","1.25446","-4.01234","-8.33112","1.25446","-8.09172","-8.4173","-1.92478","-8.09172","-8.4173","-1.92478","-7.95766","-5.9467","-0.564984","-7.95766","-5.9467","-0.564984","-12.9851","-8.71416","0.603288","-12.9851","-8.71416","0.603288","-8.45561","-7.26818","-0.62244","-8.45561","-7.26818","-0.62244","-6.31058","-8.43646","0.689472","-6.31058","-8.43646","0.689472","-3.7921","-7.41182","1.57046","-3.7921","-7.41182","1.57046","-5.24765","-6.14779","-0.660744","-5.24765","-6.14779","-0.660744"
"6","-10.9358","-8.02469","0.344736","-10.9358","-8.02469","0.344736","-9.00144","-5.14231","-0.440496","-9.00144","-5.14231","-0.440496","-9.18338","-6.54998","-0.900144","-9.18338","-6.54998","-0.900144","-4.85503","-8.62798","1.7141","-4.85503","-8.62798","1.7141","-6.28186","-7.75656","-0.584136","-6.28186","-7.75656","-0.584136","-8.21621","-7.01921","-0.469224","-8.21621","-7.01921","-0.469224","-14.0193","-7.91935","0.967176","-14.0193","-7.91935","0.967176","-9.12593","-7.12454","-0.536256","-9.12593","-7.12454","-0.536256","-5.85094","-6.51168","0.651168","-5.85094","-6.51168","0.651168","-4.18471","-7.73741","0.603288","-4.18471","-7.73741","0.603288","-8.54179","-5.52535","0.344736","-8.54179","-5.52535","0.344736","-10.773","-6.31058","0.086184","-10.773","-6.31058","0.086184","-9.41321","-4.64436","1.82902","-9.41321","-4.64436","1.82902","-8.60882","-5.39129","0.794808","-8.60882","-5.39129","0.794808","-6.37762","-7.63207","2.36527","-6.37762","-7.63207","2.36527","-7.24903","-6.21482","-1.57046","-7.24903","-6.21482","-1.57046","-6.03288","-5.85094","1.40767","-6.03288","-5.85094","1.40767","-15.0152","-9.27914","2.22163","-15.0152","-9.27914","2.22163","-7.57462","-7.13412","0.900144","-7.57462","-7.13412","0.900144","-7.13412","-7.22988","1.46513","-7.13412","-7.22988","1.46513","-6.87557","-9.54727","1.4747","-6.87557","-9.54727","1.4747","-7.40225","-6.49253","0.497952","-7.40225","-6.49253","0.497952","-7.40225","-6.20525","0.536256","-7.40225","-6.20525","0.536256","-14.4693","-8.24494","0.86184","-14.4693","-8.24494","0.86184","-10.2655","-4.40496","4.49114","-10.2655","-4.40496","4.49114"
"7","-6.85642","-8.12045","3.33245","-6.85642","-8.12045","3.33245","-6.32016","-4.12726","1.30234","-6.32016","-4.12726","1.30234","-5.90839","-6.67447","-1.18742","-5.90839","-6.67447","-1.18742","-10.7538","-7.49801","-0.641592","-10.7538","-7.49801","-0.641592","-9.24084","-4.11768","1.11082","-9.24084","-4.11768","1.11082","-7.88105","-7.9002","2.03011","-7.88105","-7.9002","2.03011","-5.19019","-8.09172","2.33654","-5.19019","-8.09172","2.33654","-6.38719","-6.80854","-1.45555","-6.38719","-6.80854","-1.45555","-5.80306","-5.93712","-0.363888","-5.80306","-5.93712","-0.363888","-11.5965","-6.61702","-0.727776","-11.5965","-6.61702","-0.727776","-8.48434","-5.49662","-0.344736","-8.48434","-5.49662","-0.344736","-8.21621","-5.63069","0.488376","-8.21621","-5.63069","0.488376","-7.10539","-8.27366","0.354312","-7.10539","-8.27366","0.354312","-7.50758","-6.64574","-0.804384","-7.50758","-6.64574","-0.804384","-8.1013","-5.84136","0.114912","-8.1013","-5.84136","0.114912","-14.7279","-7.9002","0.842688","-14.7279","-7.9002","0.842688","-7.71826","-6.92345","0.009576","-7.71826","-6.92345","0.009576","-8.72374","-7.20115","0.4788","-8.72374","-7.20115","0.4788","-3.78252","-6.96175","0.564984","-3.78252","-6.96175","0.564984","-8.25451","-6.65532","-0.268128","-8.25451","-6.65532","-0.268128","-9.73879","-6.56914","0.306432","-9.73879","-6.56914","0.306432","-12.2477","-6.23398","2.26951","-12.2477","-6.23398","2.26951","-9.08762","-7.72783","2.34612","-9.08762","-7.72783","2.34612","-6.59786","-8.69501","1.40767","-6.59786","-8.69501","1.40767","-5.29553","-5.4679","2.56637","-5.29553","-5.4679","2.56637"
"8","-7.53631","-6.13822","0.737352","-7.53631","-6.13822","0.737352","-9.3749","-7.50758","0.900144","-9.3749","-7.50758","0.900144","-11.0124","-3.19838","1.89605","-14.1342","-5.0274","1.55131","-14.1342","-5.0274","1.55131","-14.1342","-5.0274","1.55131","-6.34889","-5.67857","1.27361","-7.6225","-4.41454","0.67032","-7.6225","-4.41454","0.67032","-7.80444","-5.35298","0.162792","-7.80444","-5.35298","0.162792","-14.4693","-8.47476","2.8345","-14.4693","-8.47476","2.8345","-14.4693","-8.47476","2.8345","-7.35437","-5.43917","-0.354312","-7.35437","-5.43917","-0.354312","-9.20254","-6.73193","0.632016","-9.20254","-6.73193","0.632016","-8.22578","-8.8578","1.81944","-6.84684","-6.0233","-0.584136","-6.84684","-6.0233","-0.584136","-9.17381","-6.9426","-1.8769","-9.17381","-6.9426","-1.8769","-12.5158","-4.15598","1.81944","-12.5158","-4.15598","1.81944","-9.93989","-5.47747","2.26951","-9.93989","-5.47747","2.26951","-5.7839","-6.93302","1.48428","-5.7839","-6.93302","1.48428","-6.55956","-5.0657","2.76746","-6.55956","-5.0657","2.76746","-6.67447","-5.33383","0.833112","-6.67447","-5.33383","0.833112","-13.2436","-7.67038","3.16008","-13.2436","-7.67038","3.16008","-7.57462","-7.36394","1.14912","-7.57462","-7.36394","1.14912","-7.40225","-6.75108","0.43092","-7.40225","-6.75108","0.43092","-5.10401","-8.63755","1.16827","-5.10401","-8.63755","1.16827","-8.86738","-8.12045","-1.11082","-8.86738","-8.12045","-1.11082","-8.72374","-4.70182","0.871416","-8.72374","-4.70182","0.871416","-13.8086","-5.0274","2.9111","-13.8086","-5.0274","2.9111","-9.25999","-7.182","1.52258"
"9","-9.25999","-7.182","1.52258","-6.11906","-7.32564","1.8769","-6.11906","-7.32564","1.8769","-3.56227","-7.10539","1.97266","-3.56227","-7.10539","1.97266","-9.03974","-6.1861","0.900144","-9.03974","-6.1861","0.900144","-8.92483","-5.9467","1.28318","-8.92483","-5.9467","1.28318","-9.01102","-7.16285","-0.306432","-9.01102","-7.16285","-0.306432","-6.54041","-6.9809","1.13954","-6.54041","-6.9809","1.13954","-4.55818","-7.15327","2.24078","-4.55818","-7.15327","2.24078","-7.44055","-8.76204","0.9576","-7.44055","-8.76204","0.9576","-8.01511","-6.19567","0.584136","-8.01511","-6.19567","0.584136","-15.3791","-7.96723","2.6717","-15.3791","-7.96723","2.6717","-9.15466","-6.44465","1.88647","-9.15466","-6.44465","1.88647","-6.85642","-7.98638","2.23121","-6.85642","-7.98638","2.23121","-4.42411","-5.76475","2.1163","-4.42411","-5.76475","2.1163","-8.23536","-6.06161","-0.220248","-8.23536","-6.06161","-0.220248","-11.9987","-5.47747","0.411768","-11.9987","-5.47747","0.411768","-10.4953","-5.08486","-0.14364","-10.4953","-5.08486","-0.14364","-8.66628","-5.57323","-0.373464","-8.66628","-5.57323","-0.373464","-5.21892","-7.79486","1.46513","-5.21892","-7.79486","1.46513","-8.23536","-7.83317","-2.26951","-8.23536","-7.83317","-2.26951","-8.22578","-5.92754","0.296856","-8.22578","-5.92754","0.296856","-15.4174","-6.32974","1.57046","-15.4174","-6.32974","1.57046","-9.91116","-6.99048","1.26403","-9.91116","-6.99048","1.26403","-6.35846","-7.52674","2.05884","-6.35846","-7.52674","2.05884","-6.48295","-5.93712","0.871416","-6.48295","-5.93712","0.871416","-7.13412","-5.93712","-0.2394"
"10","-7.13412","-5.93712","-0.2394","-12.0466","-6.75108","1.49386","-12.0466","-6.75108","1.49386","-8.44603","-6.75108","-0.584136","-8.44603","-6.75108","-0.584136","-7.82359","-6.85642","-0.162792","-7.82359","-6.85642","-0.162792","-6.04246","-8.68543","2.1163","-6.04246","-8.68543","2.1163","-8.77162","-6.88514","-0.785232","-8.77162","-6.88514","-0.785232","-9.14508","-6.52126","0.62244","-9.14508","-6.52126","0.62244","-13.4447","-3.49524","-0.450072","-13.4447","-3.49524","-0.450072","-9.36533","-6.15737","1.13954","-9.36533","-6.15737","1.13954","-6.76066","-8.97271","2.1163","-6.76066","-8.97271","2.1163","-5.56366","-6.73193","1.55131","-5.56366","-6.73193","1.55131","-8.74289","-7.60334","1.03421","-8.74289","-7.60334","1.03421","-13.4926","-5.79348","0.497952","-13.4926","-5.79348","0.497952","-6.52126","-6.55956","2.00138","-6.52126","-6.55956","2.00138","-8.07257","-8.31197","0.497952","-8.07257","-8.31197","0.497952","-2.42273","-10.524","0.258552","-2.42273","-10.524","0.258552","-8.84822","-7.11497","-1.59919","-8.84822","-7.11497","-1.59919","-8.68543","-4.38581","-1.11082","-8.68543","-4.38581","-1.11082","-11.9892","-6.60744","2.62382","-11.9892","-6.60744","2.62382","-7.17242","-7.07666","1.80029","-7.17242","-7.07666","1.80029","-2.56637","-6.08076","0","-2.56637","-6.08076","0","-12.7648","-8.8578","0.689472","-12.7648","-8.8578","0.689472","-7.75656","-4.85503","2.28866","-7.75656","-4.85503","2.28866","-15.1014","-4.02192","3.25584","-15.1014","-4.02192","3.25584","-8.96314","-8.08214","0.201096","-8.96314","-8.08214","0.201096","-6.45422","-6.96175","2.00138"
"11","-6.45422","-6.96175","2.00138","-3.14093","-7.91935","-0.517104","-3.14093","-7.91935","-0.517104","-11.587","-8.24494","0.114912","-11.587","-8.24494","0.114912","-8.56094","-5.3051","0.421344","-8.56094","-5.3051","0.421344","-14.0863","-5.2285","0.450072","-14.0863","-5.2285","0.450072","-7.94808","-6.53083","1.16827","-7.94808","-6.53083","1.16827","-6.76066","-8.08214","2.03969","-6.76066","-8.08214","2.03969","-6.81811","-6.43507","-0.679896","-6.81811","-6.43507","-0.679896","-9.11635","-7.3831","-0.019152","-9.11635","-7.3831","-0.019152","-11.2518","-6.34889","0.09576","-11.2518","-6.34889","0.09576","-8.86738","-7.56504","0.038304","-8.86738","-7.56504","0.038304","-7.20115","-7.27776","1.12997","-7.20115","-7.27776","1.12997","-2.08757","-10.0835","0.38304","-2.08757","-10.0835","0.38304","-8.80034","-8.02469","-1.24488","-8.80034","-8.02469","-1.24488","-10.3517","-5.82221","-0.220248","-10.3517","-5.82221","-0.220248","-13.665","-5.48705","1.32149","-13.665","-5.48705","1.32149","-9.48982","-7.24903","0.852264","-9.48982","-7.24903","0.852264","-5.5445","-8.8961","4.04107","-5.5445","-8.8961","4.04107","-7.55546","-6.77981","-0.794808","-7.55546","-6.77981","-0.794808","-7.56504","-7.05751","1.05336","-7.56504","-7.05751","1.05336","-12.2094","-4.94122","0.727776","-12.2094","-4.94122","0.727776","-7.75656","-6.97133","1.21615","-7.75656","-6.97133","1.21615","-10.1601","-9.68134","3.68676","-10.1601","-9.68134","3.68676","0.067032","-8.49391","1.2353","0.067032","-8.49391","1.2353","-8.4173","-8.01511","-1.62792","-8.4173","-8.01511","-1.62792","-8.00554","-6.40634","-1.84817"
"12","-8.00554","-6.40634","-1.84817","-13.0042","-7.46928","2.09714","-13.0042","-7.46928","2.09714","-8.28324","-8.02469","2.03969","-8.28324","-8.02469","2.03969","-4.3475","-8.6184","1.10124","-4.3475","-8.6184","1.10124","-7.24903","-8.00554","1.60877","-7.24903","-8.00554","1.60877","-6.95218","-7.21073","1.72368","-6.95218","-7.21073","1.72368","-14.3927","-7.46928","1.07251","-14.3927","-7.46928","1.07251","-7.67038","-8.55137","0.411768","-7.67038","-8.55137","0.411768","-7.9002","-8.75246","0.517104","-7.9002","-8.75246","0.517104","0.450072","-10.2942","2.31739","0.450072","-10.2942","2.31739","-7.59377","-8.83865","-0.871416","-7.59377","-8.83865","-0.871416","-9.71006","-5.99458","1.4364","-9.71006","-5.99458","1.4364","-9.47066","-6.28186","-0.220248","-9.47066","-6.28186","-0.220248","-7.84274","-8.13002","0.028728","-7.84274","-8.13002","0.028728","-3.30372","-8.379","0.517104","-3.30372","-8.379","0.517104","-6.44465","-7.89062","-3.8304","-6.44465","-7.89062","-3.8304","-8.30239","-7.02878","-0.785232","-8.30239","-7.02878","-0.785232","-15.1109","-9.10678","2.71958","-15.1109","-9.10678","2.71958","-7.182","-8.24494","1.05336","-7.182","-8.24494","1.05336","-6.85642","-9.86328","2.04926","-6.85642","-9.86328","2.04926","-1.96308","-6.43507","1.89605","-1.96308","-6.43507","1.89605","-6.91387","-7.52674","0.201096","-6.91387","-7.52674","0.201096","-9.97819","-5.95627","3.61973","-9.97819","-5.95627","3.61973","-7.91935","-7.6991","-1.78114","-7.91935","-7.6991","-1.78114","-7.08624","-7.97681","0.440496","-7.08624","-7.97681","0.440496","-0.976752","-9.6143","-1.28318"
"13","-0.976752","-9.6143","-1.28318","-8.19706","-7.67038","-0.028728","-8.19706","-7.67038","-0.028728","-10.0644","-7.02878","2.05884","-10.0644","-7.02878","2.05884","-10.6102","-5.00825","1.29276","-10.6102","-5.00825","1.29276","-6.34889","-7.41182","1.18742","-6.34889","-7.41182","1.18742","-3.21754","-10.6772","0.756504","-3.21754","-10.6772","0.756504","-9.71964","-9.79625","-3.91658","-9.71964","-9.79625","-3.91658","-5.28595","-4.80715","-0.076608","-5.28595","-4.80715","-0.076608","-12.6882","-10.6102","2.3557","-12.6882","-10.6102","2.3557","-7.32564","-7.43098","1.40767","-7.32564","-7.43098","1.40767","-5.97542","-8.26409","1.89605","-5.97542","-8.26409","1.89605","-6.60744","-7.71826","0.842688","-6.60744","-7.71826","0.842688","-7.4214","-8.40773","1.81944","-7.4214","-8.40773","1.81944","-10.9071","-6.54041","-0.421344","-10.9071","-6.54041","-0.421344","-8.48434","-8.02469","-2.26951","-8.48434","-8.02469","-2.26951","-7.68953","-8.24494","-0.392616","-7.68953","-8.24494","-0.392616","-3.92616","-9.12593","-0.948024","-3.92616","-9.12593","-0.948024","-8.43646","-6.33931","-1.79071","-8.43646","-6.33931","-1.79071","-7.65122","-7.50758","0.651168","-7.65122","-7.50758","0.651168","-12.784","-5.88924","-1.20658","-12.784","-5.88924","-1.20658","-8.57052","-6.32016","-2.29824","-8.57052","-6.32016","-2.29824","-6.25313","-7.80444","1.55131","-6.25313","-7.80444","1.55131","-6.34889","-6.79896","0.411768","-6.34889","-6.79896","0.411768","-7.68953","-6.9426","-0.306432","-7.68953","-6.9426","-0.306432","-12.8989","-7.80444","-0.632016","-12.8989","-7.80444","-0.632016","-7.56504","-6.9043","-0.737352"
"14","-7.56504","-6.9043","-0.737352","-7.37352","-8.68543","1.22573","-7.37352","-8.68543","1.22573","-4.64436","-7.74698","-0.651168","-4.64436","-7.74698","-0.651168","-7.10539","-7.63207","-0.593712","-7.10539","-7.63207","-0.593712","-9.40363","-7.01921","0.43092","-9.40363","-7.01921","0.43092","-10.524","-6.53083","0.14364","-10.524","-6.53083","0.14364","-9.34618","-6.55956","0.52668","-9.34618","-6.55956","0.52668","-5.13274","-7.70868","1.7141","-5.13274","-7.70868","1.7141","-4.3092","-7.06709","1.69495","-4.3092","-7.06709","1.69495","-7.4597","-7.6225","0.363888","-7.4597","-7.6225","0.363888","-10.6198","-6.35846","0.392616","-10.6198","-6.35846","0.392616","-8.24494","-6.92345","0.517104","-8.24494","-6.92345","0.517104","-8.12045","-8.5801","1.99181","-8.12045","-8.5801","1.99181","-3.43778","-7.58419","1.25446","-3.43778","-7.58419","1.25446","-6.9043","-9.15466","-2.69086","-6.9043","-9.15466","-2.69086","-8.91526","-7.31606","-2.20248","-8.91526","-7.31606","-2.20248","-14.0001","-7.98638","-0.057456","-14.0001","-7.98638","-0.057456","-7.9385","-8.21621","1.25446","-7.9385","-8.21621","1.25446","-6.91387","-9.08762","2.48976","-6.91387","-9.08762","2.48976","-3.60058","-7.74698","0.938448","-3.60058","-7.74698","0.938448","-8.92483","-7.25861","-1.01506","-8.92483","-7.25861","-1.01506","-11.8455","-4.57733","-0.316008","-11.8455","-4.57733","-0.316008","-10.8017","-5.14231","0.900144","-10.8017","-5.14231","0.900144","-8.46518","-6.7415","-0.392616","-8.46518","-6.7415","-0.392616","-3.69634","-6.92345","1.01506","-3.69634","-6.92345","1.01506","-7.92893","-7.84274","-1.36937"
"15","-7.92893","-7.84274","-1.36937","-5.84136","-6.5021","0.325584","-5.84136","-6.5021","0.325584","-16.4707","-8.98229","-0.641592","-16.4707","-8.98229","-0.641592","-5.90839","-7.84274","1.50343","-5.90839","-7.84274","1.50343","-6.41592","-7.60334","1.48428","-6.41592","-7.60334","1.48428","-3.39948","-7.57462","1.84817","-3.39948","-7.57462","1.84817","-7.84274","-6.77023","0.105336","-7.84274","-6.77023","0.105336","-8.83865","-6.07118","-0.823536","-8.83865","-6.07118","-0.823536","-11.472","-3.76337","1.20658","-7.74698","-6.71278","1.76198","-7.74698","-6.71278","1.76198","-4.37623","-7.19158","0.268128","-4.37623","-7.19158","0.268128","-7.44055","-7.56504","-1.61834","-7.44055","-7.56504","-1.61834","-7.04794","-6.20525","0.268128","-7.04794","-6.20525","0.268128","-11.405","-6.9426","1.01506","-11.405","-6.9426","1.01506","-7.87147","-6.95218","-0.220248","-7.87147","-6.95218","-0.220248","-7.6225","-8.20663","0.344736","-7.6225","-8.20663","0.344736","-2.99729","-8.12045","-0.392616","-2.99729","-8.12045","-0.392616","-10.074","-7.73741","-0.469224","-10.074","-7.73741","-0.469224","-8.79077","-5.7073","-0.450072","-8.79077","-5.7073","-0.450072","-11.9987","-7.00006","0.584136","-11.9987","-7.00006","0.584136","-8.80034","-7.44055","0.708624","-8.80034","-7.44055","0.708624","-3.97404","-8.18748","1.06294","-3.97404","-8.18748","1.06294","-5.57323","-7.36394","1.54174","-5.57323","-7.36394","1.54174","-7.52674","-7.02878","0.296856","-7.52674","-7.02878","0.296856","-11.6636","-6.72235","0.181944","-11.6636","-6.72235","0.181944","-7.8619","-7.10539","-0.555408","-7.8619","-7.10539","-0.555408"
"16","-7.99596","-7.98638","0.90972","-7.99596","-7.98638","0.90972","-4.06022","-7.32564","0.67032","-4.06022","-7.32564","0.67032","-7.00963","-8.77162","-1.4364","-7.00963","-8.77162","-1.4364","-9.96862","-6.29143","1.28318","-9.96862","-6.29143","1.28318","-13.0138","-6.99048","1.20658","-13.0138","-6.99048","1.20658","-10.1506","-8.42688","1.38852","-10.1506","-8.42688","1.38852","-5.65942","-8.35985","1.54174","-5.65942","-8.35985","1.54174","-3.32287","-6.77023","0.689472","-3.32287","-6.77023","0.689472","-9.2983","-7.81402","-0.794808","-9.2983","-7.81402","-0.794808","-11.4337","-6.39677","0.268128","-11.4337","-6.39677","0.268128","-10.3517","-5.31468","-0.564984","-10.3517","-5.31468","-0.564984","-8.51306","-7.84274","0.201096","-8.51306","-7.84274","0.201096","-4.01234","-7.64165","1.38852","-4.01234","-7.64165","1.38852","-7.19158","-7.63207","-1.52258","-7.19158","-7.63207","-1.52258","-6.86599","-7.43098","0.459648","-6.86599","-7.43098","0.459648","-13.5309","-7.43098","-0.612864","-13.5309","-7.43098","-0.612864","-9.02059","-7.8619","0.363888","-9.02059","-7.8619","0.363888","-6.2627","-8.25451","1.08209","-6.2627","-8.25451","1.08209","-1.77156","-7.60334","2.62382","-1.77156","-7.60334","2.62382","-7.63207","-6.80854","0.009576","-7.63207","-6.80854","0.009576","-10.4283","-6.81811","0.871416","-10.4283","-6.81811","0.871416","-8.36942","-6.08076","-0.9576","-8.36942","-6.08076","-0.9576","-7.21073","-7.53631","1.35022","-7.21073","-7.53631","1.35022","-2.18333","-7.28734","0.411768","-2.18333","-7.28734","0.411768","-11.156","-8.67586","-1.30234","-11.156","-8.67586","-1.30234"
"17","-6.9043","-5.42959","0.507528","-6.9043","-5.42959","0.507528","-13.0808","-8.43646","0.411768","-13.0808","-8.43646","0.411768","-7.63207","-6.24355","0.919296","-7.63207","-6.24355","0.919296","-6.77981","-7.68953","2.05884","-6.77981","-7.68953","2.05884","-3.25584","-7.36394","1.3981","-3.25584","-7.36394","1.3981","-6.73193","-6.1861","0.076608","-6.73193","-6.1861","0.076608","-8.79077","-7.15327","0.363888","-8.79077","-7.15327","0.363888","-10.1697","-4.7497","-0.871416","-10.1697","-4.7497","-0.871416","-8.26409","-6.51168","0.19152","-8.26409","-6.51168","0.19152","-4.74012","-7.88105","0.919296","-4.74012","-7.88105","0.919296","-6.47338","-7.46928","-3.44736","-6.47338","-7.46928","-3.44736","-6.14779","-7.12454","0.277704","-6.14779","-7.12454","0.277704","-12.7265","-10.3804","3.54312","-12.7265","-10.3804","3.54312","-5.80306","-8.11087","-0.38304","-5.80306","-8.11087","-0.38304","-4.24217","-8.38858","0.124488","-4.24217","-8.38858","0.124488","-4.04107","-9.56642","0.450072","-4.04107","-9.56642","0.450072","-6.44465","-7.16285","0.258552","-6.44465","-7.16285","0.258552","-7.60334","-7.21073","0.727776","-7.60334","-7.21073","0.727776","-10.7251","-7.08624","0.229824","-10.7251","-7.08624","0.229824","-7.27776","-7.13412","0.833112","-7.27776","-7.13412","0.833112","-5.88924","-7.61292","1.9152","-5.88924","-7.61292","1.9152","-4.74012","-6.95218","0.268128","-4.74012","-6.95218","0.268128","-7.49801","-6.89472","-0.986328","-7.49801","-6.89472","-0.986328","-8.82907","-6.54041","0.28728","-8.82907","-6.54041","0.28728","-8.60882","-5.14231","-0.04788","-8.60882","-5.14231","-0.04788"
"18","-8.30239","-6.55956","-0.38304","-8.30239","-6.55956","-0.38304","-5.60196","-8.27366","1.57046","-5.60196","-8.27366","1.57046","-5.61154","-6.7032","-1.64707","-5.61154","-6.7032","-1.64707","-6.55956","-7.44055","0.009576","-6.55956","-7.44055","0.009576","-11.9125","-7.31606","-0.354312","-11.9125","-7.31606","-0.354312","-7.67995","-7.07666","-0.564984","-7.67995","-7.07666","-0.564984","-7.11497","-7.35437","0.009576","-7.11497","-7.35437","0.009576","-3.51439","-7.67995","-0.086184","-3.51439","-7.67995","-0.086184","-7.98638","-7.57462","-0.775656","-7.98638","-7.57462","-0.775656","-7.03836","-6.92345","0.593712","-7.03836","-6.92345","0.593712","-14.4598","-7.9002","0.612864","-14.4598","-7.9002","0.612864","-8.12045","-7.57462","0.258552","-8.12045","-7.57462","0.258552","-6.23398","-7.8619","1.01506","-6.23398","-7.8619","1.01506","-2.77704","-9.14508","0.009576","-2.77704","-9.14508","0.009576","-8.25451","-7.71826","0.756504","-8.25451","-7.71826","0.756504","-10.0644","-7.182","0.028728","-10.0644","-7.182","0.028728","-12.3435","-4.35708","-0.967176","-12.3435","-4.35708","-0.967176","-10.1506","-8.03426","1.35979","-10.1506","-8.03426","1.35979","-5.99458","-9.19296","2.36527","-5.99458","-9.19296","2.36527","-3.43778","-6.7032","0.584136","-3.43778","-6.7032","0.584136","-7.79486","-9.71964","1.30234","-7.79486","-9.71964","1.30234","-12.5829","-7.04794","-2.79619","-12.5829","-7.04794","-2.79619","-9.03017","-6.62659","-0.708624","-9.03017","-6.62659","-0.708624","-8.98229","-8.67586","0.890568","-8.98229","-8.67586","0.890568","-3.3133","-8.08214","2.74831","-3.3133","-8.08214","2.74831"
"19","-6.96175","-8.91526","-1.76198","-6.96175","-8.91526","-1.76198","-8.63755","-8.27366","0.057456","-8.63755","-8.27366","0.057456","-14.2682","-8.379","-0.517104","-14.2682","-8.379","-0.517104","-8.1396","-8.6567","2.26951","-8.1396","-8.6567","2.26951","-7.1437","-9.94946","3.1505","-7.1437","-9.94946","3.1505","-3.43778","-9.2983","0.268128","-3.43778","-9.2983","0.268128","-7.40225","-8.99186","-1.12997","-7.40225","-8.99186","-1.12997","-11.97","-4.5869","2.50891","-11.97","-4.5869","2.50891","-11.5965","-7.01921","1.2353","-11.5965","-7.01921","1.2353","-9.34618","-8.74289","4.20386","-9.34618","-8.74289","4.20386","-3.37075","-7.04794","0.67032","-3.37075","-7.04794","0.67032","-4.77842","-7.21073","-0.28728","-4.77842","-7.21073","-0.28728","-9.67176","-7.67995","-1.26403","-9.67176","-7.67995","-1.26403","-11.9604","-6.65532","0.33516","-11.9604","-6.65532","0.33516","-7.94808","-7.43098","-0.76608","-7.94808","-7.43098","-0.76608","-8.77162","-9.30787","1.10124","-8.77162","-9.30787","1.10124","-3.3516","-9.56642","-0.28728","-3.3516","-9.56642","-0.28728","-5.36256","-9.01102","-1.1587","-5.36256","-9.01102","-1.1587","-10.9071","-7.53631","-0.469224","-10.9071","-7.53631","-0.469224","-13.3681","-6.04246","-0.33516","-13.3681","-6.04246","-0.33516","-8.90568","-8.3407","1.64707","-8.90568","-8.3407","1.64707","-6.00415","-9.92074","2.42273","-6.00415","-9.92074","2.42273","-1.98223","-6.6649","1.35022","-1.98223","-6.6649","1.35022","-6.57871","-10.7634","1.9152","-6.57871","-10.7634","1.9152","-10.7347","-7.4214","-0.344736","-10.7347","-7.4214","-0.344736"
"20","-8.79077","-7.88105","-0.746928","-8.79077","-7.88105","-0.746928","-7.50758","-9.68134","1.50343","-7.50758","-9.68134","1.50343","-1.81944","-7.36394","1.20658","-1.81944","-7.36394","1.20658","-9.11635","-9.26957","-0.363888","-9.11635","-9.26957","-0.363888","-7.80444","-6.67447","0.842688","-7.80444","-6.67447","0.842688","-12.9563","-6.69362","1.82902","-12.9563","-6.69362","1.82902","-8.1013","-9.86328","0.775656","-8.1013","-9.86328","0.775656","-7.32564","-8.90568","1.9152","-7.32564","-8.90568","1.9152","-1.65665","-8.62798","-0.507528","-1.65665","-8.62798","-0.507528","-8.84822","-10.4474","1.197","-8.84822","-10.4474","1.197","-9.12593","-8.00554","1.41725","-9.12593","-8.00554","1.41725","-13.3585","-7.41182","-0.220248","-13.3585","-7.41182","-0.220248","-8.79077","-9.65261","1.72368","-8.79077","-9.65261","1.72368","-4.1081","-8.00554","1.46513","-4.1081","-8.00554","1.46513","-3.51439","-7.83317","0.708624","-3.51439","-7.83317","0.708624","-9.16423","-8.56094","-0.354312","-9.16423","-8.56094","-0.354312","-8.54179","-7.4214","0.09576","-8.54179","-7.4214","0.09576","-11.2518","-6.32974","0","-11.2518","-6.32974","0","-10.0931","-9.48024","4.0698","-10.0931","-9.48024","4.0698","-3.89743","-7.43098","1.29276","-3.89743","-7.43098","1.29276","-6.4255","-0.9576","7.89062","-6.4255","-0.9576","7.89062","-2.78662","1.44598","6.77023","-2.78662","1.44598","6.77023","-1.12997","1.58962","10.3517","-1.12997","1.58962","10.3517","-0.660744","1.35022","8.8195","-0.660744","1.35022","8.8195","0.967176","3.94531","8.69501","-0.038304","3.00686","8.83865"
"21","-0.459648","2.09714","9.36533","-0.459648","2.09714","9.36533","-0.459648","2.09714","9.36533","-0.459648","2.09714","9.36533","-2.04926","2.48976","10.0644","-2.04926","2.48976","10.0644","-2.04926","2.48976","10.0644","-2.04926","2.48976","10.0644","0.517104","2.58552","8.13002","0.517104","2.58552","8.13002","0.517104","2.58552","8.13002","0.517104","2.58552","8.13002","2.26951","-3.7921","13.0617","2.26951","-3.7921","13.0617","2.26951","-3.7921","13.0617","2.26951","-3.7921","13.0617","3.01644","-1.45555","10.2559","3.01644","-1.45555","10.2559","3.01644","-1.45555","10.2559","3.01644","-1.45555","10.2559","5.35298","-8.49391","13.1","5.35298","-8.49391","13.1","5.35298","-8.49391","13.1","5.35298","-8.49391","13.1","-0.124488","1.57046","-4.70182","-0.124488","1.57046","-4.70182","-0.124488","1.57046","-4.70182","-0.124488","1.57046","-4.70182","-2.03011","0.325584","-1.36937","-2.03011","0.325584","-1.36937","-2.03011","0.325584","-1.36937","-2.03011","0.325584","-1.36937","13.9618","-17.7635","19.6021","13.9618","-17.7635","19.6021","13.9618","-17.7635","19.6021","1.93435","-2.96856","-11.7019","1.93435","-2.96856","-11.7019","1.93435","-2.96856","-11.7019","-0.890568","0.775656","1.65665","-0.890568","0.775656","1.65665","-0.890568","0.775656","1.65665","10.2655","-19.6116","19.6021","10.2655","-19.6116","19.6021","10.2655","-19.6116","19.6021","-0.497952","0.9576","5.43917","-0.497952","0.9576","5.43917","-0.9576","-0.555408","1.6758","-0.9576","-0.555408","1.6758","-0.9576","-0.555408","1.6758","10.6772","-18.6253","19.5159"
"22","10.6772","-18.6253","19.5159","10.6772","-18.6253","19.5159","10.6772","-18.6253","19.5159","0.497952","0.794808","4.61563","0.497952","0.794808","4.61563","0.497952","0.794808","4.61563","0.497952","0.794808","4.61563","0.497952","0.794808","4.61563","0.497952","0.794808","4.61563","0.497952","0.794808","4.61563","0.497952","0.794808","4.61563","0.497952","0.794808","4.61563","0.497952","0.794808","4.61563","0.19152","-0.105336","0.564984","0.19152","-0.105336","0.564984","0.19152","-0.105336","0.564984","0.19152","-0.105336","0.564984","0.19152","-0.105336","0.564984","9.78667","-19.4106","19.6021","9.78667","-19.4106","19.6021","9.78667","-19.4106","19.6021","9.78667","-19.4106","19.6021","0.277704","0.210672","4.33793","0.277704","0.210672","4.33793","0.277704","0.210672","4.33793","0.277704","0.210672","4.33793","-0.62244","0.986328","1.17785","-0.62244","0.986328","1.17785","-0.62244","0.986328","1.17785","-0.62244","0.986328","1.17785","9.64303","-13.2819","17.3134","9.64303","-13.2819","17.3134","9.64303","-13.2819","17.3134","9.64303","-13.2819","17.3134","2.74831","1.14912","3.87828","2.74831","1.14912","3.87828","2.74831","1.14912","3.87828","2.74831","1.14912","3.87828","-0.469224","0.785232","1.65665","-0.469224","0.785232","1.65665","-0.469224","0.785232","1.65665","-0.469224","0.785232","1.65665","6.89472","-19.4106","19.6021","6.89472","-19.4106","19.6021","6.89472","-19.4106","19.6021","6.89472","-19.4106","19.6021","1.02463","0.421344","5.64984","1.02463","0.421344","5.64984","1.02463","0.421344","5.64984","1.02463","0.421344","5.64984"
"23","-0.775656","0.689472","1.12997","-0.775656","0.689472","1.12997","-0.775656","0.689472","1.12997","-0.775656","0.689472","1.12997","7.27776","-19.6116","19.6021","7.27776","-19.6116","19.6021","7.27776","-19.6116","19.6021","7.27776","-19.6116","19.6021","4.63478","0.43092","5.45832","4.63478","0.43092","5.45832","4.63478","0.43092","5.45832","-2.07799","1.16827","0.517104","-2.07799","1.16827","0.517104","-2.07799","1.16827","0.517104","-2.07799","1.16827","0.517104","7.47886","-19.6116","19.6021","7.47886","-19.6116","19.6021","7.47886","-19.6116","19.6021","2.76746","-0.14364","2.03011","2.76746","-0.14364","2.03011","2.76746","-0.14364","2.03011","-0.756504","0.727776","1.65665","-0.756504","0.727776","1.65665","-0.756504","0.727776","1.65665","11.7306","-19.6116","19.6021","11.7306","-19.6116","19.6021","11.7306","-19.6116","19.6021","11.7306","-19.6116","19.6021","1.88647","-1.68538","-8.01511","1.88647","-1.68538","-8.01511","1.88647","-1.68538","-8.01511","1.88647","-1.68538","-8.01511","-0.62244","0.632016","0.545832","-0.62244","0.632016","0.545832","-0.62244","0.632016","0.545832","-0.62244","0.632016","0.545832","-0.62244","0.632016","0.545832","-0.62244","0.632016","0.545832","8.91526","-19.5925","18.0891","8.91526","-19.5925","18.0891","8.91526","-19.5925","18.0891","8.91526","-19.5925","18.0891","8.91526","-19.5925","18.0891","8.91526","-19.5925","18.0891","3.99319","-0.220248","-2.95898","3.99319","-0.220248","-2.95898","3.99319","-0.220248","-2.95898","3.99319","-0.220248","-2.95898","0.277704","0.067032","0.737352","0.277704","0.067032","0.737352"
"24","0.277704","0.067032","0.737352","0.277704","0.067032","0.737352","8.82907","-19.5638","19.2956","8.82907","-19.5638","19.2956","8.82907","-19.5638","19.2956","8.82907","-19.5638","19.2956","-1.82902","1.44598","-6.54041","-1.82902","1.44598","-6.54041","-1.82902","1.44598","-6.54041","-1.82902","1.44598","-6.54041","0.57456","-0.4788","-2.09714","0.57456","-0.4788","-2.09714","0.57456","-0.4788","-2.09714","0.57456","-0.4788","-2.09714","5.62111","-12.9276","13.9522","5.62111","-12.9276","13.9522","5.62111","-12.9276","13.9522","5.62111","-12.9276","13.9522","-3.78252","2.55679","0.392616","-3.78252","2.55679","0.392616","-3.78252","2.55679","0.392616","-3.78252","2.55679","0.392616","0.277704","-0.038304","-2.81534","0.277704","-0.038304","-2.81534","0.277704","-0.038304","-2.81534","0.277704","-0.038304","-2.81534","6.04246","-13.8948","13.4734","6.04246","-13.8948","13.4734","6.04246","-13.8948","13.4734","6.04246","-13.8948","13.4734","-2.394","1.52258","-2.25994","-2.394","1.52258","-2.25994","-2.394","1.52258","-2.25994","-2.394","1.52258","-2.25994","-1.30234","0.067032","-1.49386","-1.30234","0.067032","-1.49386","-1.30234","0.067032","-1.49386","-1.30234","0.067032","-1.49386","2.37485","-2.04926","3.3899","2.37485","-2.04926","3.3899","7.67038","-8.90568","13.6554","7.67038","-8.90568","13.6554","7.67038","-8.90568","13.6554","0.210672","0.201096","0.52668","0.210672","0.201096","0.52668","0.210672","0.201096","0.52668","0.210672","0.201096","0.52668","0.14364","0.086184","2.03011","0.14364","0.086184","2.03011","0.14364","0.086184","2.03011"
"25","5.61154","-6.73193","7.182","5.61154","-6.73193","7.182","5.61154","-6.73193","7.182","5.61154","-6.73193","7.182","-0.497952","-0.2394","-0.38304","-0.497952","-0.2394","-0.38304","-0.497952","-0.2394","-0.38304","0.76608","-1.93435","0.890568","0.76608","-1.93435","0.890568","0.76608","-1.93435","0.890568","0.76608","-1.93435","0.890568","0.76608","-1.93435","0.890568","0.76608","-1.93435","0.890568","0.76608","-1.93435","0.890568","5.7456","-8.07257","12.8701","5.7456","-8.07257","12.8701","5.7456","-8.07257","12.8701","5.7456","-8.07257","12.8701","5.7456","-8.07257","12.8701","5.7456","-8.07257","12.8701","-0.201096","0.220248","0.04788","-0.201096","0.220248","0.04788","-0.201096","0.220248","0.04788","-0.201096","0.220248","0.04788","0.995904","-1.26403","3.75379","0.995904","-1.26403","3.75379","0.995904","-1.26403","3.75379","0.995904","-1.26403","3.75379","4.3092","-16.0111","17.1602","4.3092","-16.0111","17.1602","4.3092","-16.0111","17.1602","4.3092","-16.0111","17.1602","0.584136","0.009576","2.46103","0.584136","0.009576","2.46103","0.584136","0.009576","2.46103","0.584136","0.009576","2.46103","1.03421","-0.296856","2.64298","1.03421","-0.296856","2.64298","1.03421","-0.296856","2.64298","1.03421","-0.296856","2.64298","2.72916","-7.30649","8.08214","2.72916","-7.30649","8.08214","2.72916","-7.30649","8.08214","2.72916","-7.30649","8.08214","1.197","0.277704","1.52258","1.197","0.277704","1.52258","1.197","0.277704","1.52258","1.197","0.277704","1.52258","0.497952","-1.28318","3.08347","0.497952","-1.28318","3.08347"
"26","0.497952","-1.28318","3.08347","0.497952","-1.28318","3.08347","3.5527","-15.1875","19.1807","3.5527","-15.1875","19.1807","3.5527","-15.1875","19.1807","3.5527","-15.1875","19.1807","-0.067032","-0.584136","1.99181","-0.067032","-0.584136","1.99181","-0.067032","-0.584136","1.99181","-0.067032","-0.584136","1.99181","-0.067032","0.727776","1.50343","-0.067032","0.727776","1.50343","-0.067032","0.727776","1.50343","-0.067032","0.727776","1.50343","7.85232","-19.3244","18.5583","7.85232","-19.3244","18.5583","7.85232","-19.3244","18.5583","7.85232","-19.3244","18.5583","0.325584","0.076608","3.06432","0.325584","0.076608","3.06432","0.325584","0.076608","3.06432","0.325584","0.076608","3.06432","3.04517","0.373464","3.94531","3.04517","0.373464","3.94531","3.04517","0.373464","3.94531","9.25042","-17.7635","18.4913","9.25042","-17.7635","18.4913","9.25042","-17.7635","18.4913","-0.497952","0.699048","5.29553","-0.497952","0.699048","5.29553","-0.497952","0.699048","5.29553","-0.689472","-0.354312","0.86184","-0.689472","-0.354312","0.86184","-0.689472","-0.354312","0.86184","-0.689472","-0.354312","0.86184","-0.689472","-0.354312","0.86184","-0.689472","-0.354312","0.86184","-0.689472","-0.354312","0.86184","7.6991","-19.6116","19.6021","7.6991","-19.6116","19.6021","7.6991","-19.6116","19.6021","7.6991","-19.6116","19.6021","0.651168","-0.124488","2.20248","0.651168","-0.124488","2.20248","0.651168","-0.124488","2.20248","0.651168","-0.124488","2.20248","-1.51301","0.114912","1.72368","-1.51301","0.114912","1.72368","-1.51301","0.114912","1.72368","-1.51301","0.114912","1.72368"
"27","4.52945","-19.6116","19.6021","4.52945","-19.6116","19.6021","4.52945","-19.6116","19.6021","4.52945","-19.6116","19.6021","0.708624","1.12039","4.47199","0.708624","1.12039","4.47199","0.708624","1.12039","4.47199","0.708624","1.12039","4.47199","0.440496","-0.19152","1.54174","0.440496","-0.19152","1.54174","0.440496","-0.19152","1.54174","0.440496","-0.19152","1.54174","11.4529","-19.3435","18.7881","11.4529","-19.3435","18.7881","11.4529","-19.3435","18.7881","11.4529","-19.3435","18.7881","0.632016","0.325584","3.13135","0.632016","0.325584","3.13135","0.632016","0.325584","3.13135","0.632016","0.325584","3.13135","-0.268128","1.04378","1.80986","-0.268128","1.04378","1.80986","-0.268128","1.04378","1.80986","-0.268128","1.04378","1.80986","9.93989","-19.6116","19.6021","9.93989","-19.6116","19.6021","9.93989","-19.6116","19.6021","9.93989","-19.6116","19.6021","1.84817","0.028728","5.47747","1.84817","0.028728","5.47747","1.84817","0.028728","5.47747","1.84817","0.028728","5.47747","0.38304","-0.612864","2.42273","0.38304","-0.612864","2.42273","0.38304","-0.612864","2.42273","0.38304","-0.612864","2.42273","6.47338","-16.0015","17.3996","6.47338","-16.0015","17.3996","6.47338","-16.0015","17.3996","6.47338","-16.0015","17.3996","-0.04788","-0.105336","0.948024","-0.04788","-0.105336","0.948024","-0.04788","-0.105336","0.948024","-0.04788","-0.105336","0.948024","0.880992","-0.019152","2.64298","0.880992","-0.019152","2.64298","0.880992","-0.019152","2.64298","0.880992","-0.019152","2.64298","7.39267","-18.8264","19.2861","7.39267","-18.8264","19.2861"
"28","7.39267","-18.8264","19.2861","7.39267","-18.8264","19.2861","0.81396","1.02463","5.38171","0.81396","1.02463","5.38171","0.81396","1.02463","5.38171","0.81396","1.02463","5.38171","1.03421","1.00548","2.31739","1.03421","1.00548","2.31739","1.03421","1.00548","2.31739","5.16146","-19.6116","19.5542","5.16146","-19.6116","19.5542","5.16146","-19.6116","19.5542","0.517104","0.842688","4.62521","0.517104","0.842688","4.62521","0.517104","0.842688","4.62521","0.009576","-0.28728","2.04926","0.009576","-0.28728","2.04926","0.009576","-0.28728","2.04926","0.009576","-0.28728","2.04926","1.45555","-17.7443","15.9728","1.45555","-17.7443","15.9728","1.45555","-17.7443","15.9728","1.45555","-17.7443","15.9728","1.45555","-17.7443","15.9728","1.45555","-17.7443","15.9728","1.45555","-17.7443","15.9728","-1.05336","0.612864","6.75108","-1.05336","0.612864","6.75108","-1.05336","0.612864","6.75108","-1.05336","0.612864","6.75108","-2.34612","0.344736","-0.009576","-2.34612","0.344736","-0.009576","-2.34612","0.344736","-0.009576","-2.34612","0.344736","-0.009576","7.00006","-19.6116","17.3421","7.00006","-19.6116","17.3421","7.00006","-19.6116","17.3421","7.00006","-19.6116","17.3421","0.469224","0.28728","5.44874","0.469224","0.28728","5.44874","0.469224","0.28728","5.44874","0.469224","0.28728","5.44874","0.450072","0.699048","1.9535","0.450072","0.699048","1.9535","0.450072","0.699048","1.9535","0.450072","0.699048","1.9535","3.73464","-19.6116","17.1506","3.73464","-19.6116","17.1506","3.73464","-19.6116","17.1506","3.73464","-19.6116","17.1506"
"29","-0.134064","-0.028728","2.14502","-0.134064","-0.028728","2.14502","-0.134064","-0.028728","2.14502","-0.134064","-0.028728","2.14502","0.612864","0.928872","1.61834","0.612864","0.928872","1.61834","0.612864","0.928872","1.61834","0.612864","0.928872","1.61834","6.60744","-19.0562","17.6103","6.60744","-19.0562","17.6103","6.60744","-19.0562","17.6103","6.60744","-19.0562","17.6103","-0.105336","-0.114912","4.68266","-0.105336","-0.114912","4.68266","-0.105336","-0.114912","4.68266","-0.105336","-0.114912","4.68266","-1.29276","-0.268128","1.78114","-1.29276","-0.268128","1.78114","-1.29276","-0.268128","1.78114","-1.29276","-0.268128","1.78114","5.4679","-19.6116","19.6021","5.4679","-19.6116","19.6021","5.4679","-19.6116","19.6021","5.4679","-19.6116","19.6021","1.26403","-0.593712","-1.6758","1.26403","-0.593712","-1.6758","1.26403","-0.593712","-1.6758","1.26403","-0.593712","-1.6758","-0.852264","-0.2394","-1.01506","-0.852264","-0.2394","-1.01506","-0.852264","-0.2394","-1.01506","-0.852264","-0.2394","-1.01506","8.19706","-19.2478","17.8784","8.19706","-19.2478","17.8784","8.19706","-19.2478","17.8784","8.19706","-19.2478","17.8784","2.07799","1.68538","7.30649","2.07799","1.68538","7.30649","2.07799","1.68538","7.30649","2.07799","1.68538","7.30649","-0.296856","-1.03421","1.30234","-0.296856","-1.03421","1.30234","-0.296856","-1.03421","1.30234","3.81125","-19.6116","17.2081","3.81125","-19.6116","17.2081","3.81125","-19.6116","17.2081","0.373464","-1.03421","0.440496","0.373464","-1.03421","0.440496","-2.46103","-0.019152","-0.976752","-2.46103","-0.019152","-0.976752"
"30","-2.46103","-0.019152","-0.976752","3.3899","-19.6116","19.5159","3.3899","-19.6116","19.5159","3.3899","-19.6116","19.5159","0.823536","-0.268128","7.36394","0.823536","-0.268128","7.36394","0.823536","-0.268128","7.36394","1.3981","1.30234","3.75379","1.3981","1.30234","3.75379","1.3981","1.30234","3.75379","1.3981","1.30234","3.75379","5.88924","-17.955","15.4557","5.88924","-17.955","15.4557","5.88924","-17.955","15.4557","5.88924","-17.955","15.4557","5.88924","-17.955","15.4557","5.88924","-17.955","15.4557","5.88924","-17.955","15.4557","5.88924","-17.955","15.4557","5.88924","-17.955","15.4557","0.268128","0.421344","4.47199","0.268128","0.421344","4.47199","0.268128","0.421344","4.47199","0.268128","0.421344","4.47199","0.268128","0.421344","4.47199","0.268128","0.421344","4.47199","-0.497952","0.469224","3.60058","-0.497952","0.469224","3.60058","-0.497952","0.469224","3.60058","-0.497952","0.469224","3.60058","2.95898","-18.7785","18.8551","2.95898","-18.7785","18.8551","2.95898","-18.7785","18.8551","2.95898","-18.7785","18.8551","1.04378","1.22573","7.05751","1.04378","1.22573","7.05751","1.04378","1.22573","7.05751","1.04378","1.22573","7.05751","1.68538","1.17785","3.46651","1.68538","1.17785","3.46651","1.68538","1.17785","3.46651","1.68538","1.17785","3.46651","0","-15.7334","12.7457","0","-15.7334","12.7457","0","-15.7334","12.7457","0","-15.7334","12.7457","4.94122","1.57046","3.01644","4.94122","1.57046","3.01644","4.94122","1.57046","3.01644","4.94122","1.57046","3.01644"
"31","1.36937","1.48428","3.8304","1.36937","1.48428","3.8304","1.36937","1.48428","3.8304","1.36937","1.48428","3.8304","10.7443","-19.1041","19.3818","10.7443","-19.1041","19.3818","10.7443","-19.1041","19.3818","10.7443","-19.1041","19.3818","0.612864","0.794808","2.53764","0.612864","0.794808","2.53764","0.612864","0.794808","2.53764","0.612864","0.794808","2.53764","0.679896","0.296856","0.555408","0.679896","0.296856","0.555408","0.679896","0.296856","0.555408","0.679896","0.296856","0.555408","6.73193","-19.6116","19.6021","6.73193","-19.6116","19.6021","6.73193","-19.6116","19.6021","6.73193","-19.6116","19.6021","5.57323","0.402192","4.24217","5.57323","0.402192","4.24217","5.57323","0.402192","4.24217","5.57323","0.402192","4.24217","1.04378","0.402192","1.94393","1.04378","0.402192","1.94393","1.04378","0.402192","1.94393","1.04378","0.402192","1.94393","5.82221","-19.5638","19.6021","5.82221","-19.5638","19.6021","5.82221","-19.5638","19.6021","5.82221","-19.5638","19.6021","0.57456","-0.14364","4.0698","0.57456","-0.14364","4.0698","0.57456","-0.14364","4.0698","0.57456","-0.14364","4.0698","0.363888","0.316008","1.21615","0.363888","0.316008","1.21615","0.363888","0.316008","1.21615","0.363888","0.316008","1.21615","3.85913","-19.6116","19.6021","3.85913","-19.6116","19.6021","3.85913","-19.6116","19.6021","3.85913","-19.6116","19.6021","0.584136","-0.938448","-3.40906","0.584136","-0.938448","-3.40906","0.584136","-0.938448","-3.40906","0.584136","-0.938448","-3.40906","1.6375","1.42682","-1.18742","1.6375","1.42682","-1.18742"
"32","1.6375","1.42682","-1.18742","1.6375","1.42682","-1.18742","5.97542","-19.6116","19.6021","5.97542","-19.6116","19.6021","5.97542","-19.6116","19.6021","5.97542","-19.6116","19.6021","-0.268128","-0.162792","2.71001","-0.268128","-0.162792","2.71001","-0.268128","-0.162792","2.71001","-0.268128","-0.162792","2.71001","0.497952","0.756504","2.394","0.497952","0.756504","2.394","0.497952","0.756504","2.394","0.497952","0.756504","2.394","2.51849","-19.6116","19.6021","2.51849","-19.6116","19.6021","2.51849","-19.6116","19.6021","2.81534","-1.12997","-3.42821","2.81534","-1.12997","-3.42821","2.81534","-1.12997","-3.42821","2.81534","-1.12997","-3.42821","0.612864","0.641592","0.057456","0.612864","0.641592","0.057456","0.612864","0.641592","0.057456","0.612864","0.641592","0.057456","0.612864","0.641592","0.057456","4.44326","-19.6116","19.5925","4.44326","-19.6116","19.5925","4.44326","-19.6116","19.5925","2.1929","-1.4364","-1.27361","2.1929","-1.4364","-1.27361","2.1929","-1.4364","-1.27361","2.1929","-1.4364","-1.27361","0.201096","0.976752","1.73326","0.201096","0.976752","1.73326","0.201096","0.976752","1.73326","0.201096","0.976752","1.73326","0.201096","0.976752","1.73326","2.8345","-19.6116","19.5733","2.8345","-19.6116","19.5733","2.8345","-19.6116","19.5733","1.92478","1.31191","5.34341","1.92478","1.31191","5.34341","1.92478","1.31191","5.34341","1.92478","1.31191","5.34341","1.92478","1.31191","5.34341","-0.90972","0.727776","1.80986","-0.90972","0.727776","1.80986","-0.90972","0.727776","1.80986","-0.90972","0.727776","1.80986"
"33","3.73464","-19.6116","19.6021","3.73464","-19.6116","19.6021","3.73464","-19.6116","19.6021","0.028728","-1.16827","0.775656","0.028728","-1.16827","0.775656","0.028728","-1.16827","0.775656","0.028728","-1.16827","0.775656","1.54174","1.72368","0.124488","1.54174","1.72368","0.124488","1.54174","1.72368","0.124488","2.55679","-19.6116","19.2382","2.55679","-19.6116","19.2382","2.55679","-19.6116","19.2382","2.55679","-19.6116","19.2382","0.967176","-0.229824","1.04378","0.967176","-0.229824","1.04378","1.18742","1.60877","-1.17785","1.18742","1.60877","-1.17785","1.18742","1.60877","-1.17785","1.18742","1.60877","-1.17785","1.48428","-19.6116","19.4776","1.48428","-19.6116","19.4776","1.48428","-19.6116","19.4776","1.97266","-1.03421","-3.46651","1.97266","-1.03421","-3.46651","1.97266","-1.03421","-3.46651","0.545832","1.46513","-1.01506","0.545832","1.46513","-1.01506","0.545832","1.46513","-1.01506","0.545832","1.46513","-1.01506","0.545832","1.46513","-1.01506","0.545832","1.46513","-1.01506","0.545832","1.46513","-1.01506","0.545832","1.46513","-1.01506","8.54179","-19.6116","19.6021","8.54179","-19.6116","19.6021","8.54179","-19.6116","19.6021","8.54179","-19.6116","19.6021","8.54179","-19.6116","19.6021","2.90153","-0.785232","-3.75379","2.90153","-0.785232","-3.75379","2.90153","-0.785232","-3.75379","2.90153","-0.785232","-3.75379","-0.632016","1.96308","1.35022","-0.632016","1.96308","1.35022","-0.632016","1.96308","1.35022","-0.632016","1.96308","1.35022","2.36527","-19.6116","19.6021","2.36527","-19.6116","19.6021","2.36527","-19.6116","19.6021"
"34","2.36527","-19.6116","19.6021","0.067032","-0.19152","0.411768","0.067032","-0.19152","0.411768","0.067032","-0.19152","0.411768","0.067032","-0.19152","0.411768","-0.057456","-0.450072","1.21615","-0.057456","-0.450072","1.21615","-0.057456","-0.450072","1.21615","-0.057456","-0.450072","1.21615","3.19838","-19.6116","19.6021","3.19838","-19.6116","19.6021","3.19838","-19.6116","19.6021","3.19838","-19.6116","19.6021","-1.96308","-0.220248","-3.80167","-1.96308","-0.220248","-3.80167","-1.96308","-0.220248","-3.80167","-1.96308","-0.220248","-3.80167","0.28728","0.19152","1.70453","0.28728","0.19152","1.70453","0.28728","0.19152","1.70453","0.28728","0.19152","1.70453","3.16966","-19.6116","19.6021","3.16966","-19.6116","19.6021","3.16966","-19.6116","19.6021","-0.28728","0.057456","4.07938","-0.28728","0.057456","4.07938","-0.28728","0.057456","4.07938","-0.28728","0.057456","4.07938","-0.38304","1.27361","2.49934","-0.38304","1.27361","2.49934","-0.38304","1.27361","2.49934","-0.38304","1.27361","2.49934","2.95898","-19.6116","19.6021","2.95898","-19.6116","19.6021","2.95898","-19.6116","19.6021","2.95898","-19.6116","19.6021","-1.12997","-1.05336","-0.459648","-1.12997","-1.05336","-0.459648","-1.12997","-1.05336","-0.459648","-1.12997","-1.05336","-0.459648","0.373464","1.80986","0.9576","0.373464","1.80986","0.9576","0.373464","1.80986","0.9576","0.373464","1.80986","0.9576","3.05474","-19.6116","19.6021","3.05474","-19.6116","19.6021","3.05474","-19.6116","19.6021","3.05474","-19.6116","19.6021","4.25174","4.15598","1.85774","4.25174","4.15598","1.85774"
"35","4.25174","4.15598","1.85774","4.25174","4.15598","1.85774","0.593712","0.976752","2.52806","0.593712","0.976752","2.52806","0.593712","0.976752","2.52806","0.593712","0.976752","2.52806","5.82221","-19.6116","19.3339","5.82221","-19.6116","19.3339","5.82221","-19.6116","19.3339","5.82221","-19.6116","19.3339","2.29824","-0.38304","-2.75789","2.29824","-0.38304","-2.75789","2.29824","-0.38304","-2.75789","2.29824","-0.38304","-2.75789","0.019152","0.325584","-1.30234","0.019152","0.325584","-1.30234","0.019152","0.325584","-1.30234","0.019152","0.325584","-1.30234","2.85365","-19.6116","19.6021","2.85365","-19.6116","19.6021","2.85365","-19.6116","19.6021","2.85365","-19.6116","19.6021","0.603288","-0.124488","-8.16833","0.603288","-0.124488","-8.16833","0.603288","-0.124488","-8.16833","0.603288","-0.124488","-8.16833","0.488376","0.555408","-2.77704","0.488376","0.555408","-2.77704","0.488376","0.555408","-2.77704","0.488376","0.555408","-2.77704","1.56089","-19.6116","19.6021","1.56089","-19.6116","19.6021","1.56089","-19.6116","19.6021","1.56089","-19.6116","19.6021","2.40358","-1.44598","-2.00138","2.40358","-1.44598","-2.00138","2.40358","-1.44598","-2.00138","2.40358","-1.44598","-2.00138","0.296856","0.38304","-0.086184","0.296856","0.38304","-0.086184","0.296856","0.38304","-0.086184","0.296856","0.38304","-0.086184","6.2627","-19.6116","19.6021","6.2627","-19.6116","19.6021","6.2627","-19.6116","19.6021","6.2627","-19.6116","19.6021","0.067032","-1.89605","-4.19429","0.067032","-1.89605","-4.19429","0.067032","-1.89605","-4.19429","0.067032","-1.89605","-4.19429"
"36","1.97266","0.28728","2.25036","1.97266","0.28728","2.25036","1.97266","0.28728","2.25036","1.97266","0.28728","2.25036","9.79625","-19.6116","19.6021","9.79625","-19.6116","19.6021","9.79625","-19.6116","19.6021","9.79625","-19.6116","19.6021","3.34202","-1.28318","-5.66899","3.34202","-1.28318","-5.66899","3.34202","-1.28318","-5.66899","3.34202","-1.28318","-5.66899","0.497952","0.62244","1.8769","0.497952","0.62244","1.8769","0.497952","0.62244","1.8769","0.497952","0.62244","1.8769","8.52264","-19.6116","19.5925","8.52264","-19.6116","19.5925","8.52264","-19.6116","19.5925","8.52264","-19.6116","19.5925","2.45146","-1.28318","1.13954","2.45146","-1.28318","1.13954","2.45146","-1.28318","1.13954","0.421344","0.459648","0.09576","0.421344","0.459648","0.09576","0.421344","0.459648","0.09576","0.421344","0.459648","0.09576","3.5527","-19.6116","19.6021","3.5527","-19.6116","19.6021","3.5527","-19.6116","19.6021","-1.32149","-1.05336","-0.679896","-1.32149","-1.05336","-0.679896","-1.32149","-1.05336","-0.679896","-1.77156","0.28728","0.756504","-1.77156","0.28728","0.756504","-1.77156","0.28728","0.756504","5.99458","-19.6116","17.6294","5.99458","-19.6116","17.6294","5.99458","-19.6116","17.6294","5.99458","-19.6116","17.6294","5.99458","-19.6116","17.6294","5.99458","-19.6116","17.6294","3.32287","1.68538","6.95218","3.32287","1.68538","6.95218","3.32287","1.68538","6.95218","3.32287","1.68538","6.95218","3.32287","1.68538","6.95218","3.32287","1.68538","6.95218","2.18333","0.229824","1.6375","2.18333","0.229824","1.6375"
"37","2.18333","0.229824","1.6375","2.18333","0.229824","1.6375","7.9385","-8.1013","15.9632","7.9385","-8.1013","15.9632","7.9385","-8.1013","15.9632","7.9385","-8.1013","15.9632","0.746928","0.890568","0.986328","0.746928","0.890568","0.986328","0.746928","0.890568","0.986328","0.746928","0.890568","0.986328","3.73464","-2.53764","5.16146","3.73464","-2.53764","5.16146","3.73464","-2.53764","5.16146","3.73464","-2.53764","5.16146","0.57456","4.24217","2.3557","0.57456","4.24217","2.3557","0.57456","4.24217","2.3557","0.57456","4.24217","2.3557","-0.928872","-0.220248","-1.80029","-0.928872","-0.220248","-1.80029","-0.928872","-0.220248","-1.80029","-0.928872","-0.220248","-1.80029","4.48157","-13.0138","11.7019","4.48157","-13.0138","11.7019","4.48157","-13.0138","11.7019","4.48157","-13.0138","11.7019","7.51716","-0.612864","-11.0028","7.51716","-0.612864","-11.0028","7.51716","-0.612864","-11.0028","7.51716","-0.612864","-11.0028","2.66213","1.09166","-2.00138","2.66213","1.09166","-2.00138","2.66213","1.09166","-2.00138","2.66213","1.09166","-2.00138","-3.10262","-19.6116","18.8073","-3.10262","-19.6116","18.8073","-3.10262","-19.6116","18.8073","-3.10262","-19.6116","18.8073","3.10262","-2.28866","-3.23669","3.10262","-2.28866","-3.23669","3.10262","-2.28866","-3.23669","3.10262","-2.28866","-3.23669","0.105336","1.03421","0.402192","0.105336","1.03421","0.402192","0.105336","1.03421","0.402192","0.105336","1.03421","0.402192","4.44326","-19.6116","19.6021","4.44326","-19.6116","19.6021","4.44326","-19.6116","19.6021","4.44326","-19.6116","19.6021"
"38","-1.17785","-1.51301","-7.73741","-1.17785","-1.51301","-7.73741","-1.17785","-1.51301","-7.73741","-1.17785","-1.51301","-7.73741","0.134064","0.699048","-1.38852","0.134064","0.699048","-1.38852","0.134064","0.699048","-1.38852","0.134064","0.699048","-1.38852","3.78252","-19.6116","19.5925","3.78252","-19.6116","19.5925","3.78252","-19.6116","19.5925","3.78252","-19.6116","19.5925","2.37485","-0.737352","3.68676","2.37485","-0.737352","3.68676","2.37485","-0.737352","3.68676","2.37485","-0.737352","3.68676","0.181944","1.09166","1.62792","0.181944","1.09166","1.62792","0.181944","1.09166","1.62792","0.181944","1.09166","1.62792","5.96585","-19.6116","19.6021","5.96585","-19.6116","19.6021","5.96585","-19.6116","19.6021","5.96585","-19.6116","19.6021","-0.852264","-1.11082","-0.746928","-0.852264","-1.11082","-0.746928","-0.852264","-1.11082","-0.746928","-0.852264","-1.11082","-0.746928","1.30234","1.82902","2.13545","1.30234","1.82902","2.13545","1.30234","1.82902","2.13545","1.30234","1.82902","2.13545","-0.306432","-13.8469","16.2217","-0.306432","-13.8469","16.2217","-0.306432","-13.8469","16.2217","-0.306432","-13.8469","16.2217","0.497952","0.009576","5.69772","0.497952","0.009576","5.69772","0.497952","0.009576","5.69772","0.497952","0.009576","5.69772","1.12039","-0.134064","4.96994","1.12039","-0.134064","4.96994","1.12039","-0.134064","4.96994","1.12039","-0.134064","4.96994","1.22573","-10.8305","11.7881","1.22573","-10.8305","11.7881","1.22573","-10.8305","11.7881","1.22573","-10.8305","11.7881","1.40767","0.38304","4.65394","1.40767","0.38304","4.65394"
"39","1.40767","0.38304","4.65394","-0.306432","-1.24488","4.41454","-0.306432","-1.24488","4.41454","-0.306432","-1.24488","4.41454","-0.392616","-15.2546","18.1752","-0.392616","-15.2546","18.1752","-0.392616","-15.2546","18.1752","-0.392616","-15.2546","18.1752","-0.497952","-0.440496","6.01373","-0.497952","-0.440496","6.01373","-0.497952","-0.440496","6.01373","0.2394","-0.555408","3.32287","0.2394","-0.555408","3.32287","0.2394","-0.555408","3.32287","0.976752","0.440496","3.0739","0.976752","0.440496","3.0739","0.976752","0.440496","3.0739","-1.79071","-0.507528","0.651168","-1.79071","-0.507528","0.651168","-1.79071","-0.507528","0.651168","-1.79071","-0.507528","0.651168","-1.79071","-0.507528","0.651168","3.60058","-6.9426","8.93441","3.60058","-6.9426","8.93441","3.60058","-6.9426","8.93441","3.60058","-6.9426","8.93441","3.60058","-6.9426","8.93441","3.60058","-6.9426","8.93441","3.60058","-6.9426","8.93441","3.60058","-6.9426","8.93441","-1.1587","1.58962","4.44326","-1.1587","1.58962","4.44326","-1.1587","1.58962","4.44326","-1.1587","1.58962","4.44326","-0.28728","0.440496","2.90153","-0.28728","0.440496","2.90153","-0.28728","0.440496","2.90153","-0.28728","0.440496","2.90153","2.21206","-7.6991","10.208","2.21206","-7.6991","10.208","2.21206","-7.6991","10.208","2.21206","-7.6991","10.208","-1.42682","0.210672","2.42273","-1.42682","0.210672","2.42273","-1.42682","0.210672","2.42273","-1.42682","0.210672","2.42273","-2.25036","0.632016","1.65665","-2.25036","0.632016","1.65665","-2.25036","0.632016","1.65665","-2.25036","0.632016","1.65665"
"40","5.32426","-19.5159","19.1328","5.32426","-19.5159","19.1328","5.32426","-19.5159","19.1328","5.32426","-19.5159","19.1328","-2.31739","1.98223","-8.83865","-2.31739","1.98223","-8.83865","-2.31739","1.98223","-8.83865","-2.31739","1.98223","-8.83865","-1.74283","-0.153216","-3.16008","-1.74283","-0.153216","-3.16008","-1.74283","-0.153216","-3.16008","-1.74283","-0.153216","-3.16008","7.03836","-19.6116","18.8934","7.03836","-19.6116","18.8934","7.03836","-19.6116","18.8934","7.03836","-19.6116","18.8934","-1.89605","0.62244","-6.32016","-1.89605","0.62244","-6.32016","-1.89605","0.62244","-6.32016","-1.89605","0.62244","-6.32016","-1.10124","0.900144","-1.75241","-1.10124","0.900144","-1.75241","-1.10124","0.900144","-1.75241","-1.10124","0.900144","-1.75241","4.37623","-19.6116","18.7785","4.37623","-19.6116","18.7785","4.37623","-19.6116","18.7785","4.37623","-19.6116","18.7785","3.69634","1.05336","-7.04794","3.69634","1.05336","-7.04794","3.69634","1.05336","-7.04794","3.69634","1.05336","-7.04794","1.86732","2.02054","0.948024","1.86732","2.02054","0.948024","1.86732","2.02054","0.948024","1.86732","2.02054","0.948024","3.40906","-19.6116","19.6021","3.40906","-19.6116","19.6021","3.40906","-19.6116","19.6021","3.40906","-19.6116","19.6021","1.80986","-1.54174","0.19152","1.80986","-1.54174","0.19152","1.80986","-1.54174","0.19152","1.80986","-1.54174","0.19152","1.14912","1.98223","1.58004","1.14912","1.98223","1.58004","1.14912","1.98223","1.58004","1.14912","1.98223","1.58004","0.852264","-19.6116","19.6021","0.852264","-19.6116","19.6021"
"41","1.44598","3.591","8.91526","2.02054","2.79619","8.4173","2.02054","2.79619","8.4173","-0.28728","4.09853","7.68953","-0.28728","4.09853","7.68953","4.79758","-19.6116","-14.4693","4.79758","-19.6116","-14.4693","-13.2628","-19.6116","-18.1369","-13.2628","-19.6116","-18.1369","19.6116","-2.1163","-5.17104","19.6116","-2.1163","-5.17104","19.6116","19.6021","16.9782","19.6116","19.6021","16.9782","-11.2997","-19.6116","-12.1232","-11.2997","-19.6116","-12.1232","13.5213","-19.4584","-7.90978","13.5213","-19.4584","-7.90978","19.6116","19.6021","10.8783","19.6116","19.6021","10.8783","19.6116","1.61834","-1.35022","19.6116","1.61834","-1.35022","-13.6841","-19.6116","-4.09853","-13.6841","-19.6116","-4.09853","19.6116","16.3175","-6.52126","19.6116","16.3175","-6.52126","19.6116","4.35708","-3.61973","19.6116","4.35708","-3.61973","-8.72374","-19.6116","-2.17375","-8.72374","-19.6116","-2.17375","19.6116","16.4611","-3.13135","19.6116","16.4611","-3.13135","19.6116","19.6021","13.416","19.6116","19.6021","13.416","-17.9071","-19.6116","-13.55","-17.9071","-19.6116","-13.55","19.6116","-6.88514","-12.8606","19.6116","-6.88514","-12.8606","19.6116","18.9509","7.2203","19.6116","18.9509","7.2203","-19.6021","-19.6116","-9.43236","-19.6021","-19.6116","-9.43236","19.6116","5.24765","-9.41321","19.6116","5.24765","-9.41321","19.6116","19.3627","18.0029","19.6116","19.3627","18.0029","19.3722","-5.00825","-3.88786","19.3722","-5.00825","-3.88786","-17.5528","-19.6116","-14.2491","-17.5528","-19.6116","-14.2491","19.6116","7.21073","-9.02059"
"42","19.6116","7.21073","-9.02059","19.6116","13.8277","-0.497952","19.6116","13.8277","-0.497952","-17.1219","-19.6116","-1.66622","-17.1219","-19.6116","-1.66622","19.6116","19.0467","-5.88924","19.6116","19.0467","-5.88924","15.0439","-17.0166","-9.24084","15.0439","-17.0166","-9.24084","-19.6021","-19.6116","-1.05336","-19.6021","-19.6116","-1.05336","19.6116","7.48843","-8.21621","19.6116","7.48843","-8.21621","19.6116","10.0356","0.756504","19.6116","10.0356","0.756504","-18.0316","-19.6116","-4.79758","-18.0316","-19.6116","-4.79758","19.6116","15.628","-7.39267","19.6116","15.628","-7.39267","18.4434","-11.2326","-5.38171","18.4434","-11.2326","-5.38171","15.1875","-19.5925","-2.60467","15.1875","-19.5925","-2.60467","19.6116","18.9413","-4.63478","19.6116","18.9413","-4.63478","6.81811","-19.6116","-9.83455","6.81811","-19.6116","-9.83455","19.6116","-11.5199","-11.9604","19.6116","-11.5199","-11.9604","19.6116","19.6021","11.8455","19.6116","19.6021","11.8455","-16.3462","-19.6116","-19.535","-16.3462","-19.6116","-19.535","19.6116","-18.1561","-8.63755","19.6116","-18.1561","-8.63755","19.6116","19.6021","8.32154","19.6116","19.6021","8.32154","19.6116","9.16423","2.93026","19.6116","9.16423","2.93026","-19.6021","-19.6116","-6.77981","-19.6021","-19.6116","-6.77981","19.6116","5.24765","-14.7758","19.6116","5.24765","-14.7758","19.6116","19.5446","11.2901","19.6116","19.5446","11.2901","-19.5829","-19.6116","-10.7922","-19.5829","-19.6116","-10.7922","19.6116","-0.775656","-13.0904","19.6116","-0.775656","-13.0904","19.6116","19.6021","1.80986"
"43","19.6116","19.6021","1.80986","7.10539","-19.152","-11.9125","18.6924","-19.6116","-0.794808","18.6924","-19.6116","-0.794808","18.6924","-19.6116","-0.794808","19.6116","19.6021","3.8304","19.6116","19.6021","3.8304","-9.3366","-19.6116","-11.2422","-9.3366","-19.6116","-11.2422","19.6116","-6.43507","-8.39815","19.6116","-6.43507","-8.39815","19.6116","19.6021","10.4283","19.6116","19.6021","10.4283","17.4283","-15.0535","-8.04384","17.4283","-15.0535","-8.04384","14.0671","-19.6116","-5.36256","19.6116","19.6021","6.25313","19.6116","19.6021","6.25313","7.32564","-19.3627","-9.45151","7.32564","-19.3627","-9.45151","19.1616","-18.1752","-10.9932","19.1616","-18.1752","-10.9932","19.6116","19.6021","13.6937","19.6116","19.6021","13.6937","7.06709","-18.7211","-11.5008","7.06709","-18.7211","-11.5008","-10.2367","-19.6116","6.13822","-10.2367","-19.6116","6.13822","19.6116","3.40906","-14.4406","19.6116","3.40906","-14.4406","19.6116","19.6021","4.92206","19.6116","19.6021","4.92206","-13.1478","-19.6116","-4.84546","-13.1478","-19.6116","-4.84546","19.6116","-11.3667","-10.6294","19.6116","-11.3667","-10.6294","19.6116","19.6021","7.8619","19.6116","19.6021","7.8619","9.11635","-19.2286","-11.4337","9.11635","-19.2286","-11.4337","19.6116","-17.9742","-9.26957","19.6116","-17.9742","-9.26957","19.6116","19.6021","5.29553","19.6116","19.6021","5.29553","-19.6021","-19.6116","0.497952","-19.6021","-19.6116","0.497952","19.6116","16.3367","-5.5062","19.6116","16.3367","-5.5062","18.7307","-13.4256","-8.48434","18.7307","-13.4256","-8.48434"
"44","19.6116","-15.4078","-11.0699","19.6116","-15.4078","-11.0699","19.6116","19.6021","7.15327","19.6116","19.6021","7.15327","-18.2519","-19.6116","-12.1519","-18.2519","-19.6116","-12.1519","19.6116","9.55685","-14.7853","19.6116","9.55685","-14.7853","19.6116","-0.823536","-8.84822","19.6116","-0.823536","-8.84822","-2.93983","-19.6116","-0.967176","-2.93983","-19.6116","-0.967176","19.6116","19.6021","7.53631","19.6116","19.6021","7.53631","-14.2778","-19.6116","-11.7881","-14.2778","-19.6116","-11.7881","19.6116","-5.27638","-12.4775","19.6116","-5.27638","-12.4775","19.6116","15.2163","4.1081","19.6116","15.2163","4.1081","-15.0439","-19.6116","1.96308","-15.0439","-19.6116","1.96308","19.6116","19.3052","-9.74837","19.6116","19.3052","-9.74837","3.25584","-19.6116","-15.4078","3.25584","-19.6116","-15.4078","19.6116","-9.47066","-9.31745","19.6116","-9.47066","-9.31745","19.6116","18.9509","2.38442","19.6116","18.9509","2.38442","-10.2846","-19.6116","-15.6089","-10.2846","-19.6116","-15.6089","19.6116","5.2285","-10.3229","19.6116","5.2285","-10.3229","18.9413","-12.5254","-6.76066","18.9413","-12.5254","-6.76066","19.1137","-19.3531","-6.55956","19.1137","-19.3531","-6.55956","19.6116","19.6021","10.9358","19.6116","19.6021","10.9358","-18.0316","-19.6116","2.48976","-18.0316","-19.6116","2.48976","19.6116","18.1944","-5.34341","19.6116","18.1944","-5.34341","19.6116","9.71006","-1.69495","19.6116","9.71006","-1.69495","-0.517104","-19.6116","-5.32426","-0.517104","-19.6116","-5.32426","19.6116","19.6021","7.04794","19.6116","19.6021","7.04794"
"45","-16.4516","-19.6116","-9.86328","-16.4516","-19.6116","-9.86328","19.6116","8.79077","-15.944","19.6116","8.79077","-15.944","19.6116","19.6021","8.79077","19.6116","19.6021","8.79077","-15.3695","-19.6116","1.9535","-15.3695","-19.6116","1.9535","19.6116","14.0959","-13.5979","19.6116","14.0959","-13.5979","19.6116","2.29824","-7.24903","19.6116","2.29824","-7.24903","18.1082","-19.6116","-6.09991","18.1082","-19.6116","-6.09991","19.6116","19.6021","6.9809","19.6116","19.6021","6.9809","-18.9796","-19.6116","-5.985","-18.9796","-19.6116","-5.985","19.2095","18.271","-8.50349","19.2095","18.271","-8.50349","19.6116","6.7415","-3.51439","19.6116","6.7415","-3.51439","14.5364","-19.6116","-0.373464","14.5364","-19.6116","-0.373464","19.6116","19.6021","6.7032","19.6116","19.6021","6.7032","-12.5924","-19.6116","-6.93302","-12.5924","-19.6116","-6.93302","19.6116","17.256","-10.5528","19.6116","17.256","-10.5528","18.4817","-16.9112","-10.4187","18.4817","-16.9112","-10.4187","19.6116","1.1587","-7.33522","19.6116","1.1587","-7.33522","19.6116","19.6021","11.587","19.6116","19.6021","11.587","-1.75241","-19.6116","-0.67032","-1.75241","-19.6116","-0.67032","19.6116","19.6021","8.08214","19.6116","19.6021","8.08214","4.11768","-18.6924","-13.3394","4.11768","-18.6924","-13.3394","19.6116","-18.5966","-11.2518","19.6116","-18.5966","-11.2518","19.6116","19.6021","19.2861","19.6116","19.6021","19.2861","-7.85232","-19.6116","-10.9071","-7.85232","-19.6116","-10.9071","19.6116","-6.75108","-7.22988","19.6116","-6.75108","-7.22988"
"46","19.6116","19.6021","19.6021","19.6116","19.6021","19.6021","-2.96856","-19.6116","-6.81811","-2.96856","-19.6116","-6.81811","19.6116","8.48434","-5.14231","19.6116","8.48434","-5.14231","19.6116","14.8524","1.57046","19.6116","14.8524","1.57046","-2.1929","-19.6116","-3.80167","-2.1929","-19.6116","-3.80167","18.6732","-10.3038","-8.25451","18.6732","-10.3038","-8.25451","14.9194","19.6021","17.7635","14.9194","19.6021","17.7635","-4.0698","-19.6116","-4.22302","-4.0698","-19.6116","-4.22302","19.6116","-7.97681","-6.31058","19.6116","-7.97681","-6.31058","19.6116","19.6021","16.9304","19.6116","19.6021","16.9304","-16.5473","-19.6116","1.60877","-16.5473","-19.6116","1.60877","19.6116","14.5268","-4.60606","19.6116","14.5268","-4.60606","19.6116","9.20254","-4.87418","19.6116","9.20254","-4.87418","18.022","-19.6116","1.30234","18.022","-19.6116","1.30234","19.6116","19.6021","7.28734","19.6116","19.6021","7.28734","-17.4858","-19.6116","6.9043","-17.4858","-19.6116","6.9043","19.6116","19.6021","-10.0548","19.6116","19.6021","-10.0548","-11.1082","-19.6116","-6.35846","-11.1082","-19.6116","-6.35846","19.6116","-14.6226","-6.31058","19.6116","-14.6226","-6.31058","19.6116","2.10672","-6.08076","19.6116","2.10672","-6.08076","19.6116","-17.7348","-2.25994","19.6116","-17.7348","-2.25994","19.6116","14.5747","-1.20658","19.6116","14.5747","-1.20658","-6.79896","-19.6116","1.40767","-6.79896","-19.6116","1.40767","19.6116","19.6021","-1.40767","19.6116","19.6021","-1.40767","-19.3435","-19.6116","-4.21344","-19.3435","-19.6116","-4.21344"
"47","19.6116","9.51854","-10.5911","19.6116","9.51854","-10.5911","18.0412","-14.5364","-6.25313","18.0412","-14.5364","-6.25313","19.6116","-6.92345","-5.67857","19.6116","-6.92345","-5.67857","19.6116","5.73602","0.306432","19.6116","5.73602","0.306432","11.9413","-19.6116","-0.699048","11.9413","-19.6116","-0.699048","19.6116","19.6021","10.6868","19.6116","19.6021","10.6868","-18.3859","-19.6116","-5.62111","-18.3859","-19.6116","-5.62111","19.6116","11.7114","-10.3708","19.6116","11.7114","-10.3708","12.0658","-19.2095","-5.37214","12.0658","-19.2095","-5.37214","19.6116","-1.28318","-8.09172","19.6116","-1.28318","-8.09172","19.5925","-3.12178","-4.29962","19.5925","-3.12178","-4.29962","19.6116","-12.7457","-3.3899","19.6116","-12.7457","-3.3899","19.6116","12.4392","-0.373464","19.6116","12.4392","-0.373464","12.0945","-19.6116","-0.995904","12.0945","-19.6116","-0.995904","19.6116","19.6021","-4.77842","19.6116","19.6021","-4.77842","-18.8934","-19.6116","-6.35846","-18.8934","-19.6116","-6.35846","19.6116","19.5829","-11.8168","19.6116","19.5829","-11.8168","16.2696","-19.5733","-12.5637","16.2696","-19.5733","-12.5637","19.6116","-10.7826","-6.73193","19.6116","-10.7826","-6.73193","19.6116","16.6335","2.98771","19.6116","16.6335","2.98771","13.5213","-19.6116","-5.86051","13.5213","-19.6116","-5.86051","19.6116","19.6021","0.948024","19.6116","19.6021","0.948024","-2.96856","-19.6116","-0.507528","-2.96856","-19.6116","-0.507528","19.6116","19.6021","8.50349","19.6116","19.6021","8.50349","-14.7662","-19.6116","4.29962","-14.7662","-19.6116","4.29962"
"48","19.6116","19.6021","9.82498","19.6116","19.6021","9.82498","-17.8975","-19.6116","-0.746928","-17.8975","-19.6116","-0.746928","19.6116","19.6021","3.81125","19.6116","19.6021","3.81125","-0.114912","-19.6116","-10.39","-0.114912","-19.6116","-10.39","19.6116","14.1821","-1.81944","19.6116","14.1821","-1.81944","0.727776","-19.6116","-10.6677","0.727776","-19.6116","-10.6677","19.6116","6.64574","-9.51854","19.6116","6.64574","-9.51854","17.6198","-17.9742","-6.96175","17.6198","-17.9742","-6.96175","19.6116","1.54174","-6.21482","19.6116","1.54174","-6.21482","15.628","-14.8141","-4.56775","15.628","-14.8141","-4.56775","-5.49662","-19.6116","-1.86732","-5.49662","-19.6116","-1.86732","19.6116","19.6021","6.1861","19.6116","19.6021","6.1861","-19.6021","-19.6116","-3.75379","-19.6021","-19.6116","-3.75379","19.6116","19.4872","-3.32287","19.6116","19.4872","-3.32287","3.41863","-19.6116","-8.38858","3.41863","-19.6116","-8.38858","19.6116","12.8223","-5.52535","19.6116","12.8223","-5.52535","19.6116","4.5869","-1.6758","19.6116","4.5869","-1.6758","12.3722","-19.6116","-6.64574","12.3722","-19.6116","-6.64574","19.6116","19.6021","8.28324","19.6116","19.6021","8.28324","-16.6144","-19.6116","-4.69224","-16.6144","-19.6116","-4.69224","19.6116","19.6021","-0.794808","19.6116","19.6021","-0.794808","-13.2436","-19.6116","-12.784","-13.2436","-19.6116","-12.784","19.6116","17.5528","-10.5911","19.6116","17.5528","-10.5911","19.6116","0.344736","-6.32016","19.6116","0.344736","-6.32016","19.6116","-17.0261","-11.5965","19.6116","-17.0261","-11.5965"
"49","19.6116","19.4872","6.0233","19.6116","19.4872","6.0233","5.15189","-19.6116","-0.81396","5.15189","-19.6116","-0.81396","19.6116","19.6021","6.17652","19.6116","19.6021","6.17652","-19.5733","-19.6116","-3.58142","-19.5733","-19.6116","-3.58142","19.6116","15.5418","-6.77023","19.6116","15.5418","-6.77023","8.76204","-18.9413","-9.17381","8.76204","-18.9413","-9.17381","19.6116","-2.48018","-16.2888","19.6116","-2.48018","-16.2888","19.6116","15.628","-3.34202","19.6116","15.628","-3.34202","2.90153","-19.6116","-2.78662","2.90153","-19.6116","-2.78662","19.6116","19.6021","-9.71964","19.6116","19.6021","-9.71964","-19.1041","-19.6116","-3.58142","-19.1041","-19.6116","-3.58142","19.6116","5.07528","-10.5623","19.6116","5.07528","-10.5623","19.6116","6.15737","-6.1861","19.6116","6.15737","-6.1861","19.4201","-15.6376","-4.68266","19.4201","-15.6376","-4.68266","19.6116","19.3244","5.2285","19.6116","19.3244","5.2285","-10.0261","-19.6116","-2.06842","-10.0261","-19.6116","-2.06842","19.6116","19.6021","5.96585","19.6116","19.6021","5.96585","-17.1793","-19.6116","-1.20658","-17.1793","-19.6116","-1.20658","19.6116","0.4788","-11.3093","19.6116","0.4788","-11.3093","19.1328","-5.65942","-5.92754","19.1328","-5.65942","-5.92754","18.5104","-17.4283","-8.09172","18.5104","-17.4283","-8.09172","19.6116","19.6021","1.75241","19.6116","19.6021","1.75241","-13.9331","-19.6116","-3.14093","-13.9331","-19.6116","-3.14093","19.6116","19.6021","-3.80167","19.6116","19.6021","-3.80167","-19.4872","-19.6116","4.3475","-19.4872","-19.6116","4.3475"
"50","19.6116","-5.83178","-5.99458","19.6116","-5.83178","-5.99458","19.6116","16.7867","-2.14502","19.6116","16.7867","-2.14502","-7.45013","-19.6116","5.83178","-7.45013","-19.6116","5.83178","19.6116","19.6021","-6.19567","19.6116","19.6021","-6.19567","-16.1739","-19.6116","-1.57046","-16.1739","-19.6116","-1.57046","19.6116","15.9153","-6.48295","19.6116","15.9153","-6.48295","18.2423","-13.7416","-9.92074","18.2423","-13.7416","-9.92074","-10.3804","-19.6116","5.04655","-10.3804","-19.6116","5.04655","19.6116","19.6021","-6.61702","19.6116","19.6021","-6.61702","8.23536","-18.8551","-5.49662","8.23536","-18.8551","-5.49662","19.6116","2.60467","-4.85503","18.4721","-10.0069","-8.22578","18.4721","-10.0069","-8.22578","19.468","-17.1027","-6.57871","19.468","-17.1027","-6.57871","19.6116","19.6021","-2.88238","19.6116","19.6021","-2.88238","-14.5842","-19.6116","1.94393","-14.5842","-19.6116","1.94393","19.6116","17.5528","-9.98777","19.6116","17.5528","-9.98777","9.80582","-19.5829","-8.24494","9.80582","-19.5829","-8.24494","19.4106","-15.0439","-5.49662","19.4106","-15.0439","-5.49662","19.6116","18.9222","-2.76746","19.6116","18.9222","-2.76746","1.34064","-19.6116","3.38033","1.34064","-19.6116","3.38033","19.6116","14.7853","-13.5788","19.6116","14.7853","-13.5788","19.2765","-19.3435","-8.66628","19.2765","-19.3435","-8.66628","19.6116","-19.2382","-5.05613","19.6116","-19.2382","-5.05613","19.6116","19.6021","8.18748","19.6116","19.6021","8.18748","-14.2299","-19.6116","8.16833","-14.2299","-19.6116","8.16833","19.6116","17.9358","-12.1807"
"51","19.6116","17.9358","-12.1807","5.75518","-19.6116","-11.271","5.75518","-19.6116","-11.271","19.6116","-19.468","-8.47476","19.6116","-19.468","-8.47476","19.6116","18.8743","-5.64984","19.6116","18.8743","-5.64984","-12.2764","-19.6116","6.07118","-12.2764","-19.6116","6.07118","19.6116","19.6021","-5.39129","19.6116","19.6021","-5.39129","-4.72097","-19.6116","-5.73602","-4.72097","-19.6116","-5.73602","19.6116","6.4255","-10.39","19.6116","6.4255","-10.39","19.6116","-9.73879","1.14912","19.6116","-9.73879","1.14912","3.64846","-19.6116","3.83998","3.64846","-19.6116","3.83998","19.6116","19.6021","1.26403","19.6116","19.6021","1.26403","-18.9701","-19.6116","-3.28457","-18.9701","-19.6116","-3.28457","19.6116","16.3462","-18.7307","19.6116","16.3462","-18.7307","19.6116","-16.9878","-15.6376","19.6116","-16.9878","-15.6376","19.6116","-3.94531","-9.87286","19.6116","-3.94531","-9.87286","19.6116","19.6021","10.4091","19.6116","19.6021","10.4091","-18.8168","-19.6116","3.57185","-18.8168","-19.6116","3.57185","19.6116","13.8756","-10.3612","19.6116","13.8756","-10.3612","18.5966","-15.0247","-8.97271","18.5966","-15.0247","-8.97271","17.3517","-19.5733","-7.57462","17.3517","-19.5733","-7.57462","19.6116","19.6021","9.90158","19.6116","19.6021","9.90158","-19.4393","-19.6116","3.1505","-19.4393","-19.6116","3.1505","19.1903","-11.2231","-8.31197","19.1903","-11.2231","-8.31197","19.6116","17.6581","0.172368","19.6116","17.6581","0.172368","-19.0658","-19.6116","3.96446","-19.0658","-19.6116","3.96446","19.6116","13.9331","-2.94941"
"52","19.6116","13.9331","-2.94941","11.271","-18.338","-5.37214","11.271","-18.338","-5.37214","16.2888","-19.5542","-7.61292","16.2888","-19.5542","-7.61292","19.6116","19.6021","9.3366","19.6116","19.6021","9.3366","19.6116","-10.6772","-6.63617","19.6116","-10.6772","-6.63617","5.23807","-19.6116","-4.21344","5.23807","-19.6116","-4.21344","19.6116","19.5159","0.976752","19.6116","19.5159","0.976752","11.3571","-19.0562","-11.6827","11.3571","-19.0562","-11.6827","17.6869","-19.6116","-6.62659","17.6869","-19.6116","-6.62659","19.6116","19.6021","10.8975","19.6116","19.6021","10.8975","-18.9126","-19.6116","-2.79619","-18.9126","-19.6116","-2.79619","19.6116","-0.488376","-9.14508","19.6116","-0.488376","-9.14508","19.6116","5.96585","-3.03559","19.6116","5.96585","-3.03559","8.91526","-19.6116","3.78252","8.91526","-19.6116","3.78252","19.6116","19.6021","2.23121","19.6116","19.6021","2.23121","-18.0986","-19.6116","-4.38581","-18.0986","-19.6116","-4.38581","19.6116","9.59515","-11.0507","19.6116","9.59515","-11.0507","19.3627","-9.80582","-7.60334","19.3627","-9.80582","-7.60334","-11.8264","-19.6116","6.41592","-11.8264","-19.6116","6.41592","19.6116","19.4297","-0.296856","19.6116","19.4297","-0.296856","-10.39","-19.6116","-5.41044","-10.39","-19.6116","-5.41044","19.6116","2.4323","-9.03974","19.6116","2.4323","-9.03974","19.6116","0.699048","-3.53354","19.6116","0.699048","-3.53354","14.2108","-19.6116","-4.07938","14.2108","-19.6116","-4.07938","19.6116","19.6021","7.73741","19.6116","19.6021","7.73741","3.99319","-19.6116","-5.20934"
"53","3.99319","-19.6116","-5.20934","19.6116","-3.97404","-11.8742","19.6116","-3.97404","-11.8742","19.6116","15.3791","3.37075","19.6116","15.3791","3.37075","2.48018","-19.6116","7.04794","2.48018","-19.6116","7.04794","19.6116","19.6021","2.94941","19.6116","19.6021","2.94941","3.34202","-19.6116","-11.6348","3.34202","-19.6116","-11.6348","19.6116","-9.74837","-15.2929","19.6116","-9.74837","-15.2929","19.6116","19.6021","11.1656","19.6116","19.6021","11.1656","-12.6403","-19.6116","-6.73193","-12.6403","-19.6116","-6.73193","19.6116","-6.73193","-14.5076","19.6116","-6.73193","-14.5076","19.6116","18.3285","4.83588","19.6116","18.3285","4.83588","-16.509","-19.6116","18.1657","-16.509","-19.6116","18.1657","19.6116","17.7922","-15.7908","19.6116","17.7922","-15.7908","19.6116","-6.32016","-10.0069","19.6116","-6.32016","-10.0069","-16.8825","-19.6116","13.3777","-16.8825","-19.6116","13.3777","19.6116","17.2368","-12.7361","19.6116","17.2368","-12.7361","16.8921","-15.4365","-8.86738","16.8921","-15.4365","-8.86738","18.9796","-19.5925","-0.57456","18.9796","-19.5925","-0.57456","19.6116","19.6021","18.587","19.6116","19.6021","18.587","-12.7552","-19.6116","3.61015","-12.7552","-19.6116","3.61015","19.6116","-0.507528","-12.7744","19.6116","-0.507528","-12.7744","19.6116","19.6021","13.8373","19.6116","19.6021","13.8373","-18.1082","-19.6116","11.9892","-18.1082","-19.6116","11.9892","19.6116","14.4023","-0.76608","19.6116","14.4023","-0.76608","17.1219","-15.2067","-11.0699","17.1219","-15.2067","-11.0699","19.6116","-14.1629","-10.5815"
"54","19.6116","-14.1629","-10.5815","19.6116","18.836","2.96856","19.6116","18.836","2.96856","-15.6663","-19.6116","5.43917","-15.6663","-19.6116","5.43917","19.6116","1.01506","-14.7853","19.6116","1.01506","-14.7853","19.6116","3.58142","-3.00686","19.6116","3.58142","-3.00686","0.497952","-19.6116","2.22163","0.497952","-19.6116","2.22163","17.6677","16.8442","6.07118","17.6677","16.8442","6.07118","-16.7867","-19.6116","-0.440496","-16.7867","-19.6116","-0.440496","19.6116","0.612864","-15.5323","19.6116","0.612864","-15.5323","19.6116","8.83865","0.114912","19.6116","8.83865","0.114912","-19.4297","-19.6116","1.26403","19.6116","14.8715","-3.23669","19.6116","14.8715","-3.23669","5.29553","-19.6116","-10.3325","5.29553","-19.6116","-10.3325","19.6116","-6.86599","-9.71964","19.6116","-6.86599","-9.71964","19.6116","-6.86599","-9.71964","19.6116","4.67309","-0.220248","19.6116","4.67309","-0.220248","12.5733","-19.6116","-0.90972","12.5733","-19.6116","-0.90972","19.6116","19.6021","6.81811","19.6116","19.6021","6.81811","-4.45284","-19.6116","-8.96314","-4.45284","-19.6116","-8.96314","19.6116","2.38442","-11.7019","19.6116","2.38442","-11.7019","19.6116","-4.68266","-4.25174","19.6116","-4.68266","-4.25174","14.4215","-19.5159","-2.6334","14.4215","-19.5159","-2.6334","19.6116","19.6021","11.7593","19.6116","19.6021","11.7593","-16.6718","-19.6116","-1.03421","-16.6718","-19.6116","-1.03421","19.6116","19.0658","-4.59648","19.6116","19.0658","-4.59648","19.5542","-8.36942","-6.32974","19.5542","-8.36942","-6.32974","11.4146","-19.6116","-5.60196"
"55","11.4146","-19.6116","-5.60196","19.6116","19.6021","8.67586","19.6116","19.6021","8.67586","-16.9399","-19.6116","-1.56089","-16.9399","-19.6116","-1.56089","19.6116","19.3818","-1.78114","19.6116","19.3818","-1.78114","-7.50758","-19.6116","-4.46242","-7.50758","-19.6116","-4.46242","19.6116","3.3899","-9.27914","19.6116","3.3899","-9.27914","19.6116","3.13135","-3.84955","19.6116","3.13135","-3.84955","17.457","-19.6116","-4.02192","17.457","-19.6116","-4.02192","19.6116","19.6021","7.59377","19.6116","19.6021","7.59377","-17.9837","-19.6116","5.985","-17.9837","-19.6116","5.985","19.6116","18.5966","-2.62382","19.6116","18.5966","-2.62382","-6.51168","-19.6116","-10.9741","-6.51168","-19.6116","-10.9741","19.6116","-1.2353","-11.3859","19.6116","-1.2353","-11.3859","19.6116","19.6021","13.2149","19.6116","19.6021","13.2149","-16.2696","-19.6116","0.181944","-16.2696","-19.6116","0.181944","19.6116","14.9003","-8.76204","19.6116","14.9003","-8.76204","-0.344736","-19.3052","-7.32564","-0.344736","-19.3052","-7.32564","19.6116","-13.4734","-9.03017","19.6116","-13.4734","-9.03017","19.6116","17.1985","8.48434","19.6116","17.1985","8.48434","-16.9399","-19.6116","-3.33245","-16.9399","-19.6116","-3.33245","19.6116","19.3339","-2.40358","19.6116","19.3339","-2.40358","-13.3872","-19.6116","-10.3995","-13.3872","-19.6116","-10.3995","19.6116","-3.93574","-8.74289","19.6116","-3.93574","-8.74289","19.6116","5.985","0.536256","19.6116","5.985","0.536256","-5.49662","-19.6116","0.9576","-5.49662","-19.6116","0.9576","19.6116","19.2861","-1.94393"
"56","19.6116","19.2861","-1.94393","-13.2915","-19.6116","-5.05613","-13.2915","-19.6116","-5.05613","19.5638","-19.3244","-8.11087","19.5638","-19.3244","-8.11087","19.6116","17.0453","4.20386","19.6116","17.0453","4.20386","-5.52535","-19.6116","0.33516","-5.52535","-19.6116","0.33516","19.6116","18.7594","1.4364","19.6116","18.7594","1.4364","8.90568","-19.6116","-8.1396","8.90568","-19.6116","-8.1396","19.6116","-12.7169","-6.29143","19.6116","-12.7169","-6.29143","19.6116","17.7731","7.67995","19.6116","17.7731","7.67995","-15.7717","-19.6116","-5.84136","-15.7717","-19.6116","-5.84136","19.6116","10.7251","-4.12726","19.6116","10.7251","-4.12726","18.2614","-16.9782","-5.85094","18.2614","-16.9782","-5.85094","18.3093","-19.6116","-2.3557","18.3093","-19.6116","-2.3557","19.6116","19.6021","9.14508","19.6116","19.6021","9.14508","-19.5925","-19.6116","-3.21754","-19.5925","-19.6116","-3.21754","19.6116","10.3134","-7.43098","19.6116","10.3134","-7.43098","19.6116","9.79625","1.9535","19.6116","9.79625","1.9535","13.799","-19.6116","2.80577","13.799","-19.6116","2.80577","19.6116","19.6021","16.5378","19.6116","19.6021","16.5378","-11.1752","-19.6116","2.54722","-11.1752","-19.6116","2.54722","19.6116","19.6021","7.41182","19.6116","19.6021","7.41182","-18.52","-19.6116","-10.1601","-18.52","-19.6116","-10.1601","19.6116","12.1519","-11.3571","19.6116","12.1519","-11.3571","15.4557","-17.3038","-6.4638","15.4557","-17.3038","-6.4638","-11.6827","-19.6116","12.0945","-11.6827","-19.6116","12.0945","19.6116","18.1752","-6.69362"
"57","19.6116","18.1752","-6.69362","16.9016","-16.825","-14.0863","16.9016","-16.825","-14.0863","17.074","-19.6116","-3.17923","17.074","-19.6116","-3.17923","19.6116","19.6021","15.3024","19.6116","19.6021","15.3024","-15.4652","-19.6116","0.258552","-15.4652","-19.6116","0.258552","19.6116","-2.00138","-9.95904","19.6116","-2.00138","-9.95904","19.6116","19.6021","12.0658","19.6116","19.6021","12.0658","-18.654","-19.6116","17.5241","-18.654","-19.6116","17.5241","19.6116","17.0261","-3.80167","19.6116","17.0261","-3.80167","-1.76198","-19.6116","-7.85232","-1.76198","-19.6116","-7.85232","19.6116","-10.8783","-5.56366","19.6116","-10.8783","-5.56366","19.6116","16.8346","5.68814","19.6116","16.8346","5.68814","-19.3052","-19.6116","0.871416","-19.3052","-19.6116","0.871416","19.6116","6.51168","-10.7538","19.6116","6.51168","-10.7538","19.2478","-10.6772","-11.587","19.2478","-10.6772","-11.587","18.9318","-18.6828","-3.16008","19.6116","19.468","17.7826","19.6116","19.468","17.7826","-19.6021","-19.6116","4.0315","-19.6021","-19.6116","4.0315","19.6116","17.1602","4.00277","19.6116","17.1602","4.00277","7.73741","-19.1999","-7.6991","7.73741","-19.1999","-7.6991","19.6116","-15.0247","-5.32426","19.6116","-15.0247","-5.32426","19.6116","18.7402","14.1246","19.6116","18.7402","14.1246","-19.0467","-19.6116","11.0316","-19.0467","-19.6116","11.0316","19.401","14.7375","0.986328","19.401","14.7375","0.986328","-17.39","-19.6116","-3.14093","-17.39","-19.6116","-3.14093","19.6116","-16.7005","-6.59786","19.6116","-16.7005","-6.59786"
"58","19.6116","13.4447","11.1369","19.6116","13.4447","11.1369","-19.5446","-19.6116","2.48018","-19.5446","-19.6116","2.48018","19.6116","10.1984","-4.42411","19.6116","10.1984","-4.42411","2.60467","-18.9509","-10.1218","2.60467","-18.9509","-10.1218","19.5159","-14.1342","-7.87147","19.5159","-14.1342","-7.87147","19.6116","15.3503","6.7415","19.6116","15.3503","6.7415","-3.89743","-19.6116","0.201096","-3.89743","-19.6116","0.201096","19.6116","19.6021","1.74283","19.6116","19.6021","1.74283","-19.6021","-19.6116","0.794808","-19.6021","-19.6116","0.794808","19.6116","-0.344736","-11.7306","19.6116","-0.344736","-11.7306","19.6021","-7.84274","-7.00963","19.6021","-7.84274","-7.00963","19.6116","-13.6171","-5.32426","19.6116","-13.6171","-5.32426","19.6116","16.6335","1.59919","19.6116","16.6335","1.59919","-2.394","-19.6116","4.5486","-2.394","-19.6116","4.5486","19.6116","19.6021","7.80444","19.6116","19.6021","7.80444","-19.2286","-19.6116","0.967176","-19.2286","-19.6116","0.967176","19.6116","-8.49391","-8.27366","19.6116","-8.49391","-8.27366","19.6116","3.20796","-3.90701","19.6116","3.20796","-3.90701","16.3941","-19.5829","0.976752","16.3941","-19.5829","0.976752","19.6116","19.5159","4.65394","19.6116","19.5159","4.65394","-10.9549","-19.6116","6.67447","-10.9549","-19.6116","6.67447","19.6116","18.022","-0.852264","19.6116","18.022","-0.852264","-13.3872","-19.4776","-2.24078","-13.3872","-19.4776","-2.24078","19.6116","-7.74698","-13.1957","19.6116","-7.74698","-13.1957","19.6116","13.3011","-5.75518","19.6116","13.3011","-5.75518"
"59","-19.1999","-19.6116","6.77023","-19.1999","-19.6116","6.77023","19.6116","14.2108","-7.90978","19.6116","14.2108","-7.90978","-4.36666","-19.6116","-6.67447","-4.36666","-19.6116","-6.67447","19.0945","-18.7019","-4.7497","19.0945","-18.7019","-4.7497","19.6116","19.3627","-1.29276","19.6116","19.3627","-1.29276","-11.8551","-19.6116","-0.52668","-11.8551","-19.6116","-0.52668","19.6116","-6.29143","-12.3435","19.6116","-6.29143","-12.3435","19.6116","8.20663","8.35027","19.6116","8.20663","8.35027","2.64298","-19.6116","-0.028728","2.64298","-19.6116","-0.028728","19.6116","19.6021","3.16966","19.6116","19.6021","3.16966","-15.628","-19.6116","-6.87557","-15.628","-19.6116","-6.87557","19.6116","-5.52535","-12.9755","19.6116","-5.52535","-12.9755","19.6116","19.6021","1.45555","19.6116","19.6021","1.45555","-14.2204","-19.6116","5.7073","-14.2204","-19.6116","5.7073","19.6116","16.1643","-7.03836","19.6116","16.1643","-7.03836","3.13135","-18.587","-6.10949","3.13135","-18.587","-6.10949","18.7402","-16.9208","-6.77981","18.7402","-16.9208","-6.77981","19.6116","12.3818","-0.976752","19.6116","12.3818","-0.976752","-14.5651","-19.6116","1.50343","-14.5651","-19.6116","1.50343","19.6116","5.56366","-7.77571","19.6116","5.56366","-7.77571","1.60877","-18.6636","-6.32016","1.60877","-18.6636","-6.32016","19.3339","-15.8962","-8.8578","19.3339","-15.8962","-8.8578","19.6116","18.1561","0.833112","19.6116","18.1561","0.833112","-4.0315","-19.6116","1.32149","-4.0315","-19.6116","1.32149","19.6116","19.4584","-0.421344","19.6116","19.4584","-0.421344"
"60","-18.4146","-19.6116","0.679896","-18.4146","-19.6116","0.679896","19.468","-17.8305","-11.8742","19.468","-17.8305","-11.8742","19.6116","18.8647","0.794808","19.6116","18.8647","0.794808","-15.4557","-19.6116","6.56914","-15.4557","-19.6116","6.56914","19.6116","17.5145","-2.02054","19.6116","17.5145","-2.02054","0.411768","-19.6116","-8.46518","0.411768","-19.6116","-8.46518","19.5925","-12.784","-6.99048","19.5925","-12.784","-6.99048","19.6116","17.5049","-0.009576","19.6116","17.5049","-0.009576","-14.5938","-19.6116","-1.75241","-14.5938","-19.6116","-1.75241","19.6116","-2.05884","-14.1342","19.6116","-2.05884","-14.1342","18.8647","-16.8442","-4.65394","18.8647","-16.8442","-4.65394","19.6116","-18.9509","-3.39948","19.6116","-18.9509","-3.39948","19.6116","18.4721","-1.64707","19.6116","18.4721","-1.64707","-18.4146","-19.6116","13.7416","-18.4146","-19.6116","13.7416","19.6116","16.26","-9.88243","19.6116","16.26","-9.88243","19.6116","6.05203","-7.36394","19.6116","6.05203","-7.36394","7.71826","-19.6116","-3.61015","7.71826","-19.6116","-3.61015","19.6116","19.6021","-7.47886","19.6116","19.6021","-7.47886","-11.1273","-19.6116","-4.45284","-11.1273","-19.6116","-4.45284","19.6116","-7.17242","-10.3229","19.6116","-7.17242","-10.3229","19.6116","7.76614","-8.1396","19.6116","7.76614","-8.1396","-16.1834","-19.6116","11.5391","-16.1834","-19.6116","11.5391","19.0084","-16.0685","-10.6677","19.0084","-16.0685","-10.6677","19.6116","19.3627","-2.44188","19.6116","19.3627","-2.44188","-17.3996","-19.6116","-1.35979","-17.3996","-19.6116","-1.35979"
